DepRate,KerFeed,KerTemp,WaterLev,BrineLev,WaterpH
2.0789,1.4568,29.9759,0,27.8749,0
6.8048,4.7686,32.2961,29.5534,20.6111,0
6.9246,4.8525,31.5631,35.1195,30.6069,11
6.9667,4.8821,32.0333,42.6689,58.0214,11
7.1494,5.0101,30.8352,30.9678,54.9784,11
7.1572,5.0156,28.6146,26.8777,61.0175,13
7.2385,5.0725,28.2381,26.5947,61.6175,13
7.2252,5.0632,28.8327,27.4008,59.7742,13
7.1083,4.9813,34.4579,28.2698,57.0193,13
7.6518,5.3621,35.1114,27.2383,55.7841,13
9.3866,6.5778,37.5696,23.5512,59.0598,13
13.655,9.569,37.5173,33.9229,59.6462,12.30000019
13.9102,9.7478,37.4317,41.9358,58.7613,11.80000019
14.0459,9.8429,37.3246,37.2632,58.984,12.30000019
14.5975,10.2295,37.1751,40.4806,57.9628,11.30000019
14.9435,10.4719,37.6306,39.945,58.9575,11.39999962
14.7221,10.3168,36.7701,32.3981,58.85,11.69999981
14.8067,10.3761,36.4218,25.878,61.4243,11.69999981
11.3424,7.9484,35.9051,42.664,58.9244,11.69999981
9.4384,6.6141,35.6747,43.2105,58.6594,11.69999981
8.4057,5.8905,32.2988,43.5565,58.4998,11.69999981
8.8433,6.1971,32.4543,43.8476,57.6499,11.69999981
8.0417,5.6354,29.7332,43.9583,59.0153,12.10000038
8.0663,5.6526,33.4678,40.6123,59.8691,11.39999962
9.2385,6.474,34.8754,39.1271,60.9254,11.39999962
10.4893,7.3505,35.2673,33.9282,61.896,11.80000019
11.5813,8.1158,35.0403,28.3198,54.6868,12
12.6736,8.8813,34.8133,22.7114,47.4777,12
13.4239,9.407,34.6571,17.225,49.7087,12.10000038
13.2645,9.2953,33.944,45.7389,58.6212,12.10000038
12.1517,8.5155,31.56,35.2893,58.0097,12.10000038
11.0688,7.7567,31.5932,28.4472,58.7221,12.10000038
11.035,7.733,31.6443,24.226,58.3141,12.10000038
10.8403,7.5965,32.085,26.9604,58.4711,12.10000038
10.859,7.6097,32.6115,42.7692,58.6347,12.10000038
10.3748,7.2704,32.9375,36.772,58.9055,12.10000038
0.9022,0.6322,30.0078,35.5959,58.3191,12.10000038
6.1791,4.3301,29.5182,44.7233,61.3977,12.10000038
7.1078,4.9809,29.6461,38.0278,49.1636,11.30000019
10.7505,7.5336,30.069,35.7656,49.7773,11.89999962
10.632,7.4505,29.8193,34.6911,59.9787,11.89999962
10.141,7.1065,28.6229,30.8678,58.5789,12
10.1127,7.0866,28.3385,25.9895,60.0551,12
10.79,7.5613,28.0123,20.5281,59.2747,12.19999981
12.3874,8.6807,28.5183,24.9961,59.6777,12.19999981
12.6209,8.8443,29.2859,27.2672,59.0233,12.30000019
11.9982,8.4079,29.2244,28.6234,59.3458,12.30000019
11.3715,7.9688,29.2052,36.9699,59.3029,12.30000019
11.4221,8.0042,29.0182,32.9389,58.2811,12.10000038
11.4839,8.0475,29.151,28.4277,58.7274,12.30000019
11.7454,8.2308,29.4428,24.3199,58.4456,12.30000019
13.6707,9.58,30.3574,17.8729,59.4183,12.30000019
13.9319,9.763,30.3121,12.7769,58.3982,12.30000019
13.7932,9.6658,30.6157,16.51,58.7678,12.30000019
13.6176,9.5427,29.9589,22.3937,58.2178,12.30000019
13.3713,9.3702,30.2904,23.5852,58.4594,12.30000019
13.7495,9.6352,30.5021,23.4437,58.7127,12.30000019
13.7862,9.6609,30.2929,27.736,58.7447,12.30000019
13.0859,9.1702,29.4846,22.3928,58.7406,12.30000019
11.0008,7.709,30.1526,21.5017,58.4512,12.30000019
8.3441,5.8473,30.3463,21.6148,58.8031,12.30000019
8.2301,5.7674,30.4235,27.007,59.9635,11.69999981
8.3091,5.8227,30.0182,25.3967,57.8647,11.80000019
8.1042,5.6792,30.4256,26.6295,59.8091,11.30000019
6.9929,4.9004,30.2908,33.71,58.6501,12.19999981
7.074,4.9573,30.9174,32.0082,58.1237,12.19999981
7.1524,5.0122,31.2761,28.5052,60.6485,12.19999981
7.3349,5.14,31.4391,27.7473,58.1814,12.19999981
7.4443,5.2167,30.9594,27.4444,60.6451,12.19999981
7.3917,5.1798,31.0228,26.9078,58.3061,12.19999981
7.3148,5.126,30.4925,27.1347,59.0477,12.19999981
7.465,5.2312,31.0161,25.6309,60.4559,12.19999981
8.6339,6.0504,30.5327,21.5105,59.6941,12.19999981
10.9418,7.6677,31.1197,27.6302,59.5298,12.19999981
11.0848,7.7678,31.2427,36.1412,59.4204,12.19999981
10.924,7.6552,31.5347,31.9399,59.5347,12.19999981
11.0442,7.7394,30.4527,30.9212,59.2995,12.19999981
10.8107,7.5758,30.5132,28.4911,59.354,12.19999981
10.0353,7.0324,28.1657,37.5535,58.4337,12.19999981
9.9616,6.9808,29.8135,35.7169,59.0072,11.60000038
9.8446,6.8988,30.6872,32.3334,59.4995,11.80000019
10.1744,7.1299,30.5584,31.1234,58.4605,11.69999981
10.8006,7.5687,31.3596,29.0785,58.3711,12.39999962
11.3273,7.9378,30.9815,25.6931,58.6732,12.10000038
9.4981,6.656,31.607,27.2382,58.8826,11.80000019
8.3124,5.8251,31.3392,37.6419,60.156,11.80000019
8.1521,5.7127,31.9635,36.6838,56.5799,11.60000038
7.6813,5.3828,32.3816,33.7664,60.7448,11.80000019
7.6362,5.3512,33.4596,30.9928,57.5767,11.80000019
7.9969,5.6039,31.8731,31.0229,61.186,11.80000019
8.4318,5.9087,31.6957,34.4152,56.7143,11.80000019
8.3265,5.835,32.1862,37.4,56.7439,11.69999981
7.4766,5.2394,34.1085,33.5365,57.5344,11.69999981
7.4456,5.2176,35.4256,29.9027,60.9449,11.69999981
7.3605,5.158,32.119,25.0218,60.9795,11.69999981
7.4952,5.2524,32.1684,24.6892,62.1204,11.80000019
7.8253,5.4837,32.8518,24.8595,61.5241,11.80000019
8.0695,5.6549,32.9993,31.0294,60.9065,11.69999981
7.7597,5.4377,33.2611,28.3202,62.7387,11.69999981
7.877,5.52,33.346,27.5053,60.1269,11.69999981
7.6567,5.3656,36.2891,29.5485,59.5906,11.69999981
7.8609,5.5087,33.1922,26.2556,60.398,11.80000019
7.9492,5.5706,33.4733,26.1412,60.9736,11.69999981
7.9562,5.5755,33.7762,38.4518,60.8473,11.69999981
8.9195,6.2505,33.6918,37.0398,59.3928,11.69999981
7.6766,5.3795,34.9838,36.2278,60.3906,11.89999962
11.6362,8.1543,32.4748,30.1369,60.862,12
11.8785,8.3241,32.4805,28.7986,60.1953,12
11.6876,8.1903,31.9056,25.4812,59.67,12
11.4159,7.9999,32.5715,29.8005,60.1689,11.89999962
13.295,9.3167,33.2245,35.5625,59.3849,12
13.3951,9.3868,33.6996,28.3047,58.9848,12.19999981
12.1197,8.4931,33.4899,28.7223,58.8148,12.19999981
10.1367,7.1034,34.0121,37.8906,58.7294,12.19999981
10.54,7.3861,34.6413,33.7884,58.362,12.19999981
10.7365,7.5238,35.1396,33.6263,58.3324,12
10.6534,7.4656,35.0975,36.7743,58.3737,12
10.8349,7.5928,34.8994,33.1106,58.1854,12
10.8392,7.5958,35.216,32.0056,58.7003,12.39999962
10.9094,7.645,34.3569,38.0185,57.0738,12.39999962
10.9646,7.6837,35.2729,35.2012,58.6256,12
10.4135,7.2975,35.4807,32.3119,57.787,12
9.7869,6.8583,34.4609,40.0005,57.9954,11.69999981
9.3687,6.5653,34.5403,40.04,57.7056,11.69999981
9.3166,6.5288,34.7154,40.1285,57.5697,11.60000038
8.58,6.0126,34.1517,37.2217,57.4482,11.69999981
9.0851,6.3665,34.1664,35.8227,58.1425,11.5
10.3891,7.2803,34.6702,31.8905,59.2268,11.69999981
11.185,7.8381,35.226,29.8336,59.0153,11.69999981
12.0954,8.476,35.9401,25.4548,59.6546,11.69999981
12.2799,8.6053,35.6904,23.7481,58.2794,11.80000019
12.4048,8.6929,35.1854,35.8864,58.7853,11.69999981
12.1038,8.4819,33.6839,31.9886,58.5518,11.80000019
12.0741,8.4612,33.4043,28.3277,58.0929,11.80000019
10.3645,7.2631,33.6752,33.5122,58.056,11.80000019
8.7024,6.0984,32.2411,35.1745,58.6248,11.69999981
9.2754,6.4999,32.8118,32.7484,58.874,11.69999981
7.1684,5.0234,32.8957,30.5584,60.361,11.69999981
7.2188,5.0587,33.014,30.6723,58.6822,12
7.6742,5.3778,34.2385,30.9424,58.5544,12
8.3744,5.8685,34.5598,34.7624,57.3096,12
8.436,5.9116,35.0072,38.4953,59.4403,12
8.4405,5.9148,34.9779,37.1548,55.77,12
8.5462,5.9889,34.93,36.8679,58.63,12
8.3104,5.8237,35.0354,38.244,55.4935,11.60000038
8.0062,5.6105,34.5568,39.9838,57.7686,11.69999981
8.0066,5.6108,33.9478,39.6498,56.3427,11.69999981
8.1398,5.7041,34.5906,39.9216,52.5275,11.69999981
8.5191,5.9699,34.7225,39.862,53.6757,11.69999981
8.3176,5.8287,34.913,39.6298,50.3718,11.60000038
8.1192,5.6896,34.6284,39.6301,44.6787,11.60000038
8.1626,5.7201,34.7445,39.1081,57.8476,11.60000038
8.2269,5.7652,34.6675,39.3715,45.474,11.60000038
8.349,5.8507,34.6804,39.5653,47.2406,11.60000038
8.2632,5.7906,34.4124,39.7662,66.4644,11.60000038
8.4095,5.8931,34.8006,39.7499,76.3536,11.39999962
8.6184,6.0395,35.4172,39.2858,70.7776,11.39999962
8.4137,5.8961,36.8913,39.5422,34.6077,11.39999962
7.6102,5.333,35.7825,39.5084,21.7093,11.39999962
7.6816,5.383,36.3775,39.2594,22.1892,11.39999962
7.9669,5.583,37.58,39.1355,18.4325,11.89999962
8.43,5.9075,38.4541,39.6771,17.5931,11.60000038
12.264,8.5942,37.626,36.1632,44.9608,11.5
13.3822,9.3778,37.9805,39.7383,58.5438,11.60000038
13.2673,9.2973,37.9249,39.7032,59.0785,11.39999962
12.3913,8.6834,37.0992,39.8757,59.0308,11.5
12.4398,8.7174,36.1642,39.8697,58.1514,11.5
13.1342,9.204,38.0615,39.7255,59.5483,11.5
13.1732,9.2314,36.7085,39.5111,57.8759,11.5
13.5285,9.4804,37.3494,39.8866,55.8662,11.39999962
3.0833,2.1607,36.1164,41.5072,60.2025,11.39999962
7.8828,5.524,35.346,34.9184,51.945,11.5
11.2696,7.8974,35.2818,39.9941,56.733,11.39999962
11.6167,8.1406,35.7356,40.1236,57.1004,11.30000019
11.3693,7.9672,35.6827,40.2578,57.1298,11.30000019
9.6361,6.7527,36.4628,40.2383,57.7485,11.19999981
8.9068,6.2416,36.8144,40.6015,57.1463,11.39999962
6.0503,4.2398,34.1389,44.1884,58.0203,11.39999962
8.4535,5.924,34.413,40.8808,57.1372,11.39999962
8.6324,6.0493,33.9257,40.463,57.0404,11.39999962
11.1019,7.7799,30.5325,40.0718,57.293,11.39999962
12.4644,8.7347,29.1757,40,57.2276,11.39999962
12.3718,8.6698,32.1284,40.0282,56.7276,11.39999962
11.981,8.3959,30.5802,39.89,46.8779,11.39999962
11.9925,8.4039,29.6791,40.0296,51.8709,11.39999962
11.8999,8.339,29.4352,40.0199,53.1455,11.39999962
11.7589,8.2403,31.4295,40.3369,53.0316,11.10000038
10.1312,7.0996,31.2383,40.0811,52.4928,10.60000038
8.9518,6.2731,32.4555,40.056,53.5029,10.60000038
10.4243,7.305,33.0301,39.9997,54.3128,10.60000038
10.8758,7.6214,33.3085,40.0003,53.729,11.5
11.0582,7.7492,31.436,40.0167,53.8668,11.5
12.4564,8.7291,32.5034,40.001,51.856,11.60000038
13.8759,9.7238,34.2367,39.9263,49.4126,11.60000038
13.381,9.3769,34.7965,40.0086,47.7804,11.60000038
13.7298,9.6214,36.7078,39.9996,47.752,11.5
14.5379,10.1877,41.2617,40.0048,46.1231,11.39999962
13.9476,9.774,39.3247,40.0277,49.7393,11.30000019
13.818,9.6832,39.3029,40.0438,53.579,11.69999981
13.2632,9.2944,38.3935,39.9968,52.9194,11.69999981
12.4644,8.7346,37.7449,40.0041,52.7266,11.69999981
12.3654,8.6653,36.7878,40.0238,52.813,11.69999981
12.3978,8.6879,36.8364,40.0787,53.048,11.69999981
12.4455,8.7214,37.6912,40.0058,52.5971,11.5
12.7545,8.938,38.6534,40.018,51.6218,11.5
12.0235,8.4257,34.6455,40.0886,52.9799,11.5
11.736,8.2242,34.7505,40.0455,49.8576,11.19999981
11.6777,8.1833,34.5308,40.0472,49.5537,11.19999981
11.4341,8.0126,33.5291,40.0846,48.1742,11.39999962
11.5377,8.0852,34.0676,40.0391,48.3738,10.89999962
11.0079,7.7139,34.013,40.1133,47.8782,10.89999962
11.0386,7.7355,33.5758,40.1953,51.9695,10.89999962
10.4899,7.351,34.0156,40.0364,48.8877,11.69999981
11.0851,7.7681,34.7446,40.033,49.3227,11.69999981
11.8934,8.3345,33.1439,39.9751,49.1084,11.30000019
12.0434,8.4396,32.0461,39.9412,42.2146,11.39999962
10.9882,7.7002,32.3819,39.8349,48.6172,11.39999962
9.8175,6.8798,32.2978,39.9486,60.9146,11.39999962
10.6989,7.4974,32.033,39.9493,56.3819,11.5
12.8144,8.9799,34.3228,39.982,51.7915,12
12.866,9.0161,34.2004,39.3604,47.5113,11.60000038
12.4682,8.7373,35.3006,39.5004,41.7161,11.69999981
12.1951,8.5459,35.1786,39.6828,39.4129,11.69999981
12.5716,8.8097,35.579,39.5845,50.2081,11.69999981
12.2699,8.5984,34.7321,39.3074,47.7872,12.10000038
10.7297,7.519,33.1648,38.2659,42.757,12.10000038
10.3891,7.2803,31.9773,39.3411,48.1836,12.10000038
11.036,7.7337,31.2443,37.9097,43.2748,12.10000038
10.3996,7.2877,31.2163,39.1586,48.1026,12.10000038
9.7607,6.84,30.4507,39.7247,36.517,11.89999962
10.2998,7.2178,31.2619,39.641,40.3906,11.89999962
10.245,7.1793,31.7388,39.5648,40.1348,11.5
10.2568,7.1876,31.6765,39.2672,46.4694,12
10.3028,7.2198,32.3078,39.3908,33.9346,11.89999962
10.3593,7.2595,32.2581,39.1871,49.2686,11.5
10.3393,7.2454,32.0106,39.1487,42.2065,11.39999962
10.8944,7.6345,32.17,39.2195,40.7392,11.39999962
10.9826,7.6963,32.3352,38.9278,32.6792,11.5
11.4545,8.0269,32.9536,39.4943,41.3313,11.69999981
11.5296,8.0796,32.7375,39.6251,36.5679,11.69999981
10.8221,7.5838,32.8593,38.8917,58.6613,11.80000019
11.4808,8.0453,33.0153,38.0432,63.1081,11.30000019
9.3123,6.5258,31.8991,39.086,60.0536,11.30000019
9.7546,6.8357,33.0649,39.3137,83.1247,11.30000019
11.3198,7.9326,33.8556,38.6605,51.148,11.69999981
11.7267,8.2177,33.8728,37.9423,22.0636,11.69999981
11.3872,7.9798,32.7711,37.0899,23.8432,11.69999981
10.4472,7.3211,32.5362,37.6928,21.4914,11.69999981
10.7528,7.5352,30.6077,38.6742,40.9523,11.69999981
11.0226,7.7243,33.0507,36.9261,59.3981,11.60000038
11.1814,7.8355,33.1761,37.5596,57.6572,11.30000019
11.5291,8.0792,33.2413,38.7285,56.6356,11.19999981
11.6736,8.1805,32.9735,38.383,59.9447,11.30000019
11.2657,7.8946,32.605,37.5201,55.9693,11.19999981
10.8695,7.617,33.2669,36.2587,56.3842,11.19999981
10.6111,7.4359,33.2911,36.0664,57.6234,11.19999981
10.4103,7.2952,32.6878,36.8867,56.934,11.19999981
10.2389,7.1751,32.4851,37.6135,57.0512,11.19999981
10.376,7.2712,32.522,38.6827,57.675,11.19999981
12.7358,8.9248,32.6944,37.5704,55.7367,11.19999981
13.9616,9.7838,32.6137,35.6309,57.0766,11.19999981
14.2323,9.9735,32.4012,35.3058,52.6313,11.19999981
14.6357,10.2562,34.1501,35.2974,55.8417,11.19999981
14.1552,9.9195,34.6809,37.256,54.6709,11.39999962
14.0547,9.849,33.55,35.9769,56.4026,12.19999981
12.3122,8.628,32.3142,34.7371,57.6262,11.60000038
9.5838,6.716,33.4311,32.8338,53.202,11.69999981
8.4059,5.8906,34.1574,26.4679,54.6908,11.19999981
2.0791,2.2725,29.9201,25.6179,49.5588,11.19999981
0.1709,0.19,30.04,30.2676,2.3187,11.30000019
4.274,4.67,30.7,27.3577,19.387,11.30000019
6.742,7.37,32.04,28.6185,20.251,11.19999981
7.2324,7.91,32.74,23.4733,40.4346,11.69999981
7.4308,8.12,33.38,30.6144,61.478,11.69999981
7.3516,8.04,32.48,36.5143,62.7075,11.89999962
7.1498,7.81,32.4,36.9568,61.5205,11.89999962
5.339,5.84,32.88,38.2485,62.6671,11.89999962
6.503,7.11,32.88,40.9566,62.8358,12
6.4789,7.08,32.71,43.1919,53.3867,12
6.3391,6.93,31.87,45.0962,36.8723,12
6.1934,6.77,31.73,45.0072,36.7922,11.60000038
6.0151,6.57,32.1,45.4512,36.9126,11.80000019
6.4276,7.03,31.45,46.4327,37.3113,11.69999981
4.4558,4.87,31.5,45.8879,37.7231,11.89999962
4.3229,4.72,30.09,46.5828,40.0045,12.19999981
4.3021,4.7,30.01,45.5268,39.1339,12.10000038
4.0144,4.39,32.29,44.2071,39.8579,11.19999981
4.1708,4.56,32.55,46.3298,38.4569,12.10000038
4.0608,4.44,32.44,47.2651,38.1335,12
4.3766,4.78,31.96,45.1684,38.6485,11.60000038
4.633,5.06,32.15,45.7076,39.2566,12.10000038
4.6678,5.1,33.07,45.7075,38.2584,12.10000038
4.5798,5.01,33.77,46.3341,38.738,12.10000038
4.9401,5.4,33.41,45.5372,38.694,12.10000038
5.6069,6.13,33.46,44.722,38.4123,12
4.916,5.37,34.11,45.4112,38.5683,11.69999981
5.0979,5.57,33.81,45.9152,38.4615,11.80000019
5.107,5.58,32.97,47.1454,37.9839,11.80000019
5.0938,5.57,33.45,47.2496,40.0734,11.80000019
5.0761,5.55,32.78,47.3138,38.9799,12
5.1028,5.58,33.34,47.4748,37.5787,11.80000019
5.0693,5.54,33.91,46.8523,38.0362,11.80000019
5.0078,5.47,34.28,45.4046,38.3678,11.80000019
4.6869,5.12,33.92,46.3824,37.1472,11.69999981
5.095,5.57,33.65,44.8827,38.3154,11.69999981
5.6918,6.22,34.36,43.0071,38.8499,12.30000019
7.3048,7.98,32.71,41.8185,38.2048,12.30000019
7.5404,8.24,33.74,37.8656,37.492,11.10000038
7.4515,8.14,33.75,35.6387,37.0042,11.10000038
7.4007,8.09,33.43,33.676,37.0874,12.10000038
7.0125,7.66,32.69,32.8728,45.873,12.10000038
6.8162,7.45,32.4,32.8431,37.1384,11.30000019
6.723,7.35,31.99,33.0804,36.8809,12.30000019
6.699,7.32,31.49,34.9243,31.2135,12.30000019
6.6458,7.26,31.52,35.288,29.7276,12.39999962
6.5759,7.19,32.27,34.5924,34.8915,12.39999962
6.2886,6.87,32.5,33.1142,37.561,12.5
6.0645,6.63,31.98,32.829,37.4099,11.5
6.1717,6.75,31.77,31.0237,37.9017,11.5
6.1395,6.71,32.11,31.2444,37.4542,12.30000019
6.3884,6.98,32.11,32.3462,37.8934,12.10000038
6.4161,7.01,32.68,32.9236,36.8889,12.10000038
6.2179,6.8,32.78,32.6893,37.2248,12.30000019
6.1713,6.75,32.09,32.6659,37.4571,12.30000019
6.2281,6.81,32.08,33.8904,37.3925,12.39999962
6.2196,6.8,32.42,33.6869,37.1552,12.60000038
6.5719,7.18,32.28,32.2719,37.0365,12.39999962
7.0196,7.67,32.54,32.3566,37.4812,12.39999962
7.1589,7.82,32.31,33.0042,37.4247,12.30000019
7.304,7.98,32.5,31.6778,37.9931,12.60000038
7.464,8.16,32.56,32.4945,37.7676,12.60000038
7.1213,7.78,33.24,32.1902,34.5979,12.39999962
7.2582,7.93,32.86,27.2372,32.8929,12.5
7.5728,8.28,33.2,20.5453,36.0783,12.69999981
7.5092,8.21,33.51,36.3484,35.8936,12.69999981
7.4433,8.14,33.46,44.6226,35.5447,12.30000019
7.2732,7.95,33.57,40.2312,35.7332,12.30000019
3.0965,3.38,33.08,35.4806,37.3771,12.39999962
4.0177,4.39,31.42,34.531,38.1599,12.39999962
5.3902,5.89,31.22,33.8497,36.4953,12.39999962
5.5255,6.04,31.53,31.9559,36.6623,12.39999962
5.7068,6.24,30.59,29.4093,36.1952,12.39999962
5.927,6.48,28.23,28.3714,35.7204,12.39999962
6.6195,7.24,27.66,33.2716,36.3531,12.10000038
7.2604,7.94,28.59,32.1432,36.7276,12.10000038
7.4889,8.19,30.44,33.5103,36.8815,12
7.3001,7.98,26.3,47.3462,36.5108,11.89999962
7.0499,7.71,29.11,37.4328,36.8875,11.89999962
7.0962,7.76,30.48,31.5039,37.2746,11.89999962
7.315,8,31.22,28.2269,37.6051,11.89999962
7.7137,8.43,31.58,33.943,37.1939,11.80000019
7.9585,8.7,31.76,43.3419,37.1778,11.80000019
8.152,8.91,31.79,38.583,37.308,11.80000019
7.889,8.62,31.46,34.7428,37.457,12.30000019
8.3252,9.1,32.1,32.8218,37.003,12.19999981
8.3619,9.14,32.15,28.2319,37.1526,12.19999981
8.4087,9.19,31.84,25.0454,37.1276,11.60000038
8.3444,9.12,31.81,42.2397,36.7938,11.69999981
7.9958,8.74,31.27,34.6337,36.8208,11.69999981
7.3443,8.03,30.53,29.9594,36.5017,11.69999981
7.0351,7.69,30.99,25.4614,36.637,11.60000038
6.9247,7.57,31.76,44.2294,36.6484,11.60000038
6.1796,6.75,31.95,40.0534,36.0313,11.60000038
6.6552,7.27,32.07,38.3814,36.2456,7.900000095
6.6848,7.31,31.42,39.373,36.7973,7.900000095
6.9353,7.58,31.86,37.0431,36.9467,11.30000019
7.3868,8.07,31.61,30.2515,37.0661,11.60000038
8.2093,8.97,31.92,30.4773,37.1475,11.69999981
8.3708,9.15,32.97,41.1581,36.6439,11.69999981
8.5024,9.29,33.66,32.1065,36.6806,11.80000019
8.613,9.41,33.7,25.982,36.5962,11.89999962
8.638,9.44,33.62,35.9475,36.7525,11.80000019
8.572,9.37,33.74,44.5185,36.4814,11.89999962
8.3497,9.13,33.56,37.0711,36.5771,12
8.2085,8.97,32.93,32.2224,36.4922,12
8.1057,8.86,33.4,27.6926,36.9766,12
8.1259,8.88,33.16,21.4535,36.4305,12
8.0913,8.84,33.68,35.4433,37.0003,12.10000038
8.3873,9.17,33.99,44.4878,36.8423,12.19999981
8.1894,8.95,33.44,42.6438,35.7932,12.19999981
8.1999,8.96,33.05,38.4616,35.7601,12.19999981
8.2858,9.06,33.2,34.3941,36.0978,12.19999981
8.4834,9.27,33.02,30.4234,36.5362,12.19999981
8.5474,9.34,31.79,26.3209,35.9037,12.39999962
8.4415,9.23,32.15,29.0166,36.5553,12.30000019
8.6977,9.51,32.09,39.1709,36.3995,12.30000019
9.0415,9.88,33.95,35.6848,36.6487,12.5
8.9995,9.84,34.11,40.2769,36.2794,12.30000019
7.2571,7.93,34.42,41.963,36.6539,12.19999981
8.7449,9.56,33.86,39.4388,37.4444,12.30000019
8.3939,9.17,33.12,34.8928,37.4692,12.30000019
8.2779,9.05,32.63,31.0488,37.5069,12.39999962
6.7092,7.33,31.1,43.4716,37.1136,12.39999962
4.6547,5.09,31.36,46.8868,36.1229,12.30000019
5.5038,6.02,32.25,45.7722,36.0139,12.30000019
8.522,9.31,31.75,39.8715,36.9461,12.30000019
8.6876,9.5,31.7,33.704,37.1007,12.30000019
8.311,9.08,30.51,27.9775,37.1069,12.39999962
8.3776,9.16,30.95,35.5379,36.8871,12.10000038
8.4946,9.28,32.64,34.9651,37.06,12.10000038
8.3369,9.11,32.71,29.2282,37.1932,12.19999981
8.44,9.22,33.28,33.2664,37.2921,12.10000038
8.6089,9.41,33.3,45.1053,37.4238,12.10000038
8.6388,9.44,32.63,40.986,35.9939,12.10000038
8.4238,9.21,32.17,34.9559,36.6934,12.19999981
8.0719,8.82,32.16,30.9797,37.6212,12.19999981
7.8773,8.61,31.01,26.9314,36.6546,12.19999981
8.0909,8.84,31.71,32.9444,37.3465,12.39999962
8.0047,8.75,32.42,45.977,36.8657,12.19999981
6.7984,7.43,33.24,43.197,36.6205,12.10000038
7.1165,7.78,32.66,39.6282,36.7575,12.19999981
6.9585,7.61,32.73,36.7805,36.3768,12.10000038
7.4326,8.12,32.51,34.0653,36.7083,12.19999981
7.2561,7.93,31.78,39.7641,36.2023,12
7.083,7.74,31.72,43.3448,36.6387,11.89999962
7.0854,7.74,30.75,42.6042,36.3259,12
7.2709,7.95,31.54,44.8225,36.5465,11.69999981
7.6361,8.35,31.99,38.9936,36.3369,11.80000019
7.5594,8.26,32.59,34.1618,36.3766,11.69999981
7.5149,8.21,32.21,29.9302,36.3415,11.80000019
8.1557,8.91,32.65,23.4957,36.6437,11.89999962
8.2265,8.99,32.11,46.5202,35.7439,11.89999962
8.1667,8.93,32.31,40.4955,35.9092,12
8.2149,8.98,33.65,34.9401,35.8505,12.19999981
8.3246,9.1,33.65,31.8853,36.04,12.19999981
7.3182,8,33.94,33.8342,35.5308,11.80000019
6.4082,7,33.1,33.6967,35.8487,11.30000019
5.6904,6.22,32.1,30.4779,35.5836,12.10000038
5.245,5.73,32.47,28.6777,35.6276,11.5
5.3988,5.9,31.97,27.4765,36.129,11.69999981
5.38,5.88,31.52,26.3543,35.4743,11.5
5.724,6.26,31.96,25.1989,35.8868,11.80000019
5.5397,6.05,31.63,24.0208,34.8436,11.60000038
4.2369,4.63,33.93,40.1279,35.8146,11.39999962
4.513,4.93,33.64,47.5886,36.5519,11.5
4.8932,5.35,33.87,44.4362,37.178,11.5
5.0183,5.49,33.76,43.3435,36.9311,11.5
5.2412,5.73,34.06,40.5124,37.2285,11.80000019
5.4166,5.92,33.41,39.7351,36.7353,11.89999962
5.9577,6.51,31.96,37.863,36.2416,11.89999962
7.0038,7.66,31.5,35.4467,35.7181,11.80000019
6.7095,7.33,32.12,30.8027,36.5691,11.89999962
6.8658,7.5,32.87,26.081,36.841,12.19999981
7.0897,7.75,33.2,20.7919,36.588,12
0.3626,0.2,32.01,19.941,31.5593,12
1.8451,1.02,32.68,19.8491,47.2145,12
11.9298,6.61,34.62,14.9821,40.2649,12
13.3989,7.42,34.59,15.3132,36.6977,11.69999981
13.9058,7.7,35.53,23.0413,36.9103,12.39999962
10.1433,5.62,35.83,26.4889,36.0667,11.5
11.3691,6.3,37.28,25.3848,36.3594,11.89999962
11.3955,6.31,37.62,22.8724,36.5131,11.5
9.3807,5.2,36.76,18.2543,36.466,11.80000019
9.7693,5.41,36.85,15.8347,36.9805,11.5
12.6526,7.01,36.28,26.4456,37.6943,11.39999962
14.4023,7.98,35.69,25.4003,37.4731,11.5
15.3214,8.49,35.25,22.4592,37.5009,11.30000019
16.6992,9.25,37.04,25.3364,37.0723,11.80000019
17.8105,9.87,38.66,22.2668,36.461,11.30000019
18.0184,9.98,38.89,20.6784,36.1537,11.39999962
18.0618,10,38.99,24.0624,35.6757,11.60000038
18.1622,10.06,38.79,25.5381,35.5984,11.60000038
18.1717,10.07,39.52,19.7728,35.1363,11.89999962
18.263,10.12,39.33,23.2194,35.7388,11.89999962
18.3179,10.15,39.37,22.2999,35.4673,11.80000019
18.4175,10.2,39.43,16.0576,35.242,11.89999962
18.5048,10.25,39.18,25.5444,34.6391,11.89999962
18.3614,10.17,39.83,25.9778,34.5332,12
12.7547,7.07,41.83,25.1473,34.7783,11.89999962
12.7787,7.08,42.78,26.5878,36.0259,12.19999981
13.0081,7.21,42.87,21.4646,35.9382,12.19999981
13.4719,7.46,44.01,24.8406,35.3541,12
13.4933,7.47,43.3,27.3212,36.1273,12
13.3989,7.42,41.96,26.0642,35.8497,12.30000019
13.394,7.42,40.77,22.6529,35.7658,12.10000038
13.4667,7.46,40.36,30.6003,36.0725,12
13.4752,7.46,40.79,35.2736,35.7178,12
12.8864,7.14,41.54,29.4969,35.8927,12
12.4308,6.89,40.34,26.6676,36.5771,12.10000038
12.8181,7.1,40.07,38.383,36.1927,11.39999962
12.8411,7.11,39.92,46.0682,36.2878,11.5
12.4295,6.89,39.5,42.4457,36.411,11.69999981
12.4899,6.92,39.05,40.2319,35.8134,11.69999981
12.6259,6.99,42.04,35.4251,36.5803,12
12.2815,6.8,40.44,32.0645,36.7352,11.80000019
11.9569,6.62,39.01,29.9896,37.2793,11.80000019
12.3718,6.85,39.18,40.9881,36.6441,11.69999981
13.1219,7.27,40.33,45.9412,36.4155,11.69999981
12.2081,6.76,39.41,42.7267,36.9436,11.89999962
11.8053,6.54,37.19,36.9094,36.5092,12.69999981
14.5617,8.07,35.56,42.4366,36.3973,11.69999981
15.3573,8.51,35.95,38.5808,36.4127,12
16.1261,8.93,36.17,34.9021,36.5971,11.89999962
16.0404,8.89,35.88,31.0783,36.7327,12
16.0524,8.89,35,34.1446,36.3597,11.89999962
14.221,7.88,36.42,32.9374,36.7722,11.89999962
12.1309,6.72,38.45,28.4148,36.8042,11.89999962
12.8574,7.12,39.88,27.286,37.0297,11.89999962
12.9043,7.15,41.39,25.1791,36.9221,12
12.8548,7.12,39.77,24.0142,37.3299,12
12.3293,6.83,39.54,37.5319,35.7567,12
11.493,6.37,39.21,46.7762,36.0734,11.69999981
11.6524,6.45,39.92,45.4595,36.322,11.80000019
11.7239,6.49,38.48,44.314,35.8947,11.80000019
11.7128,6.49,38.7,43.6299,35.7813,11.80000019
11.9966,6.65,39.87,42.9443,36.0192,11.80000019
11.9238,6.6,39.34,41.9972,36.5485,11.69999981
11.6032,6.43,38.24,41.4833,36.8208,11.10000038
11.7324,6.5,38.24,41.1898,36.7684,11.89999962
12.0622,6.68,39.02,40.3972,36.974,11.89999962
12.64,7,39.67,39.5065,37.0047,12.10000038
13.4743,7.46,41.6,34.0881,37.6489,11.5
12.3937,6.87,40.19,33.3015,36.9161,11.89999962
12.4244,6.88,39.2,33.3729,37.4216,11.60000038
12.6531,7.01,38.98,32.7098,37.1557,11.69999981
12.8526,7.12,39.58,30.8825,37.2861,11.69999981
13.133,7.27,40.9,28.6081,37.3475,11.69999981
12.6491,7.01,40.08,26.3476,37.2928,11.69999981
12.3025,6.81,40.2,24.0693,36.8313,11.89999962
11.8258,6.55,39.21,22.5278,36.8957,12
11.6458,6.45,38.04,36.8188,36.6669,11.80000019
11.778,6.52,38.5,35.6192,36.9572,11.80000019
11.774,6.52,37.92,33.8307,36.6111,12.30000019
11.2619,6.24,37.08,32.8296,36.8429,11.89999962
10.6928,5.92,33.6,32.4435,36.1267,12
10.9022,6.04,32.36,31.8083,34.7527,11.89999962
11.3227,6.27,32.99,30.6768,36.123,11.19999981
11.6764,6.47,35.58,28.5067,36.9175,12
11.9308,6.61,35.95,26.0553,35.1669,12
12.4737,6.91,38.38,22.452,29.5096,12.39999962
12.851,7.12,39.43,24.6928,32.6628,12
12.5909,6.97,39.94,35.906,37.2463,11.80000019
12.9414,7.17,40.88,34.3407,37.1797,11.80000019
13.1823,7.3,42.09,32.4352,37.909,12
12.9258,7.16,41.33,29.9644,38.1177,11.80000019
13.329,7.38,41.55,25.4839,38.3083,11.80000019
13.9319,7.72,42.67,23.2605,38.2311,11.89999962
13.848,7.67,42.08,46.3424,37.2217,12
13.7905,7.64,42.36,42.8048,37.7646,11.80000019
12.9548,7.18,40.04,40.6782,37.8395,11.80000019
11.8994,6.59,38.1,39.6056,37.8108,11.89999962
12.4013,6.87,38.51,36.9459,37.7666,12.10000038
13.9661,7.74,41.38,32.2578,37.9188,11.89999962
14.2085,7.87,43.39,27.7253,38.4557,11.89999962
13.7656,7.63,43.08,23.6629,38.0379,11.89999962
14.0205,7.77,43.28,34.5367,37.6951,11.80000019
13.7121,7.6,42.02,43.496,37.4755,12
12.726,7.05,40.68,43.8721,37.7813,12.10000038
13.2354,7.33,39.84,42.9855,38.0733,12
13.2135,7.32,38.62,40.5238,37.8045,11.89999962
14.3457,7.95,41.23,36.314,37.9251,12
14.9991,8.31,43.67,33.1967,37.9337,12.10000038
15.1687,8.4,44.21,30.831,37.9788,12.30000019
15.0878,8.36,43.61,30.6374,38.1117,11.89999962
15.0566,8.34,43.24,30.6965,37.9591,11.89999962
14.2511,7.89,39.89,28.0373,38.042,11.89999962
14.4724,8.02,37.04,24.5635,37.8245,11.89999962
14.5815,8.08,36.49,34.5958,37.8407,11.80000019
14.7944,8.19,40.1,39.4837,37.4715,11.89999962
14.8331,8.22,40.91,33.2464,37.9973,12
14.9222,8.27,39.38,37.3674,37.4099,11.89999962
15.0176,8.32,39.29,41.8322,36.8404,11.89999962
15.0096,8.31,40.1,34.6456,37.2003,12
14.9924,8.3,40.12,40.236,36.9871,11.89999962
14.9871,8.3,38.27,41.0101,36.7429,12
15.0134,8.32,40.79,32.735,37.0512,12
14.9575,8.29,40.65,40.0422,36.6289,11.5
14.0723,7.79,39.84,43.1109,36.6191,11.60000038
13.8602,7.68,38.83,36.3546,36.6222,11.69999981
14.3393,7.94,41.33,28.3652,37.562,11.80000019
14.6404,8.11,42.29,37.0157,36.4305,11.69999981
15.034,8.33,41.04,41.7362,36.854,11.89999962
14.8851,8.25,43.3,37.8157,36.6301,11
14.8415,8.22,42.85,33.8754,36.8294,11.19999981
14.9876,8.3,42.19,27.3752,36.3051,11.19999981
15.1442,8.39,41.85,30.1795,35.7164,11.5
15.1249,8.38,41.47,47.3211,34.9814,11.5
15.1404,8.39,42.43,43.9842,35.3475,11.80000019
15.1405,8.39,42.13,40.2985,35.9642,11.19999981
15.1336,8.38,37.46,39.3829,35.9903,12.10000038
14.7035,8.14,36.55,38.7568,36.6231,12.30000019
15.1074,8.37,36.83,33.5935,36.4582,12
17.6526,9.78,33.58,34.0288,36.9701,12
17.9123,9.92,31.05,40.9388,37.3425,11.89999962
18.3235,10.15,33.05,44.489,37.5669,12
18.9338,10.49,32.82,39.4924,36.7399,12.10000038
12.7224,7.05,33.92,43.7931,36.9469,12.10000038
4.6945,3.26,32.53,42.1393,29.3234,12.10000038
8.9368,6.2,35.44,37.2507,36.8097,12.10000038
8.9376,6.2,35.92,37.876,36.9711,11.89999962
9.9278,6.89,34.86,40.631,37.3486,11.89999962
13.2072,9.16,34.02,42.0127,37.9877,11.89999962
13.0384,9.05,33.94,47.0626,37.1647,11.89999962
13.0318,9.04,34.1,45.3174,36.6519,12
13.581,9.42,34.73,43.9954,36.0176,12.10000038
13.997,9.71,35.79,41.4559,36.0884,12.19999981
14.3742,9.97,36.35,38.0809,36.6211,12.19999981
13.7635,9.55,35.34,42.3363,38.5341,11.69999981
13.1977,9.16,34.65,46.3296,40.0004,11.69999981
13.6587,9.48,34.8,44.7218,39.7993,11.89999962
13.0809,9.08,35.58,41.6806,38.1721,12
9.7193,6.74,35.93,40.8358,36.9684,11.89999962
13.8915,9.64,35.59,38.6722,37.9981,12
13.7046,9.51,36.08,35.5228,37.627,12
12.4202,8.62,35.47,40.0438,36.9473,11.69999981
12.6276,8.76,32.96,44.3456,37.1219,11.80000019
12.6832,8.8,31.84,32.2058,36.8146,11.60000038
11.5547,8.02,31.35,36.7124,36.887,11.80000019
10.2859,7.14,32.28,44.0295,37.8691,11.5
13.9993,9.71,37.59,37.4526,37.5995,11.5
14.1614,9.83,37.88,34.5061,37.9791,11.69999981
14.3472,9.95,37.44,44.1672,37.6126,11.60000038
14.6245,10.15,37.48,38.7173,38.0713,11.69999981
14.3077,9.93,36.35,32.9989,38.2252,11.69999981
14.688,10.19,37.92,39.8568,37.686,11.60000038
14.9976,10.41,39.04,42.8566,38.1309,11.80000019
15.2887,10.61,39.08,43.4802,38.249,11.69999981
13.5394,9.39,41.13,48.4611,38.0619,11.80000019
12.1076,8.4,36.98,49.4662,39.6017,11.60000038
14.4315,10.01,34.58,43.8051,40.1358,11.80000019
14.5617,10.1,34.67,39.1471,39.2226,11.80000019
14.6749,10.18,35.61,35.4613,38.635,11.80000019
14.6655,10.18,35.97,35.1558,38.6949,11.89999962
14.8204,10.28,36.91,40.7616,38.0136,11.69999981
14.6784,10.18,34.03,37.2942,38.5979,12
14.4315,10.01,38.76,29.2668,38.9116,12.10000038
14.3852,9.98,39.83,40.7653,38.4702,11.69999981
13.5077,9.37,39.92,40.9309,35.9284,11.89999962
13.0333,9.04,38.19,36.9001,45.2391,11.89999962
12.94,8.98,38.39,37.7367,45.162,11.89999962
12.9026,8.95,38.31,39.2968,42.6482,11.89999962
12.8652,8.93,38.24,40.857,40.1343,11.89999962
12.8133,8.89,37.98,42.3989,38.1188,11.89999962
11.7103,8.12,36.35,41.2897,38.5407,11.89999962
10.5447,7.32,34.27,38.3619,38.1007,11.89999962
10.1659,7.05,33.81,35.828,37.7893,11.89999962
10.6433,7.38,35.31,39.7607,39.0187,11.60000038
11.6589,8.09,36.55,40.2412,38.2899,11.60000038
11.9232,8.27,36.86,35.0545,38.3883,11.60000038
12.5318,8.69,37.68,30.4867,39.3511,11.60000038
12.9091,8.96,37.48,25.4842,38.5939,11.60000038
13.3999,9.3,36.97,45.4274,39.4787,11.60000038
13.4437,9.33,37.94,40.0301,39.0345,11.60000038
13.6654,9.48,37.56,42.1249,38.8251,11.60000038
14.249,9.89,39.14,37.8227,39.0081,11.60000038
14.4531,10.03,39.44,30.6257,38.64,11.60000038
6.7985,4.72,37.62,39.9583,39.1457,11.60000038
6.7284,4.67,38.76,48.509,40.9916,11.60000038
6.6129,4.59,39.14,48.7411,40.9928,11.60000038
6.8231,4.73,38.52,48.8378,42.2653,11.60000038
9.4326,6.54,36.45,47.6328,39.2495,11.60000038
11.0139,7.64,34.7,42.8689,38.2786,11.60000038
10.8262,7.51,34.97,35.8783,37.8208,11.69999981
11.0555,7.67,35.39,40.4098,38.3205,11.69999981
10.9635,7.61,33.88,41.1356,37.8619,11.69999981
10.8167,7.5,35,36.2363,39.1633,11.69999981
10.6175,7.37,35.56,39.821,39.0583,11.69999981
10.4213,7.23,34.92,41.8205,38.2996,11.69999981
10.5329,7.31,33.34,38.7005,40.1001,11.39999962
10.5746,7.34,34.03,34.7794,42.3566,12.39999962
10.9656,7.61,34.34,41.8065,40.364,12.39999962
9.9491,6.9,34.39,36.5903,39.0569,12.39999962
9.1609,6.36,34.68,39.9397,39.8428,12.39999962
9.2826,6.44,37.94,40.2339,40.0697,10.89999962
8.513,5.91,37.02,39.0779,41.4257,11.5
7.4755,5.19,35.13,39.4895,42.1661,11.5
7.1899,4.99,36.6,38.6403,44.0991,11.5
6.9955,4.85,38.02,44.2665,41.675,11.10000038
6.7351,4.67,36.12,48.0263,42.1888,11.10000038
7.0548,4.89,36.29,48.679,40.6117,11.10000038
8.0202,5.56,38.5,48.1398,41.2576,11.10000038
8.6207,5.98,38.39,48.3366,42.1728,11.10000038
8.8862,6.17,40.92,48.6076,41.8198,11.10000038
8.7098,6.04,40.71,48.4957,43.2934,11.60000038
8.7111,6.04,41.3,48.7151,43.5766,11
8.5457,5.93,40.76,48.384,43.8475,11
8.5845,5.96,39.61,46.9845,43.9337,10.89999962
7.9261,5.5,37.15,47.0115,43.9946,11
7.2812,5.05,36.59,46.2184,43.185,10.89999962
7.2067,5,36.83,45.7088,43.2261,10.60000038
7.4559,5.17,37.81,45.5288,42.6894,10.80000019
7.655,5.31,38.85,45.2688,42.761,10.69999981
7.7103,5.35,36.2,45.6087,43.0233,10.80000019
8.5375,5.92,38.84,45.6665,42.4149,10.80000019
9.6524,6.7,42.27,44.282,42.5096,10.89999962
10.3364,7.17,43.63,40.8144,43.4341,10.80000019
10.8695,7.54,45.59,37.2365,38.5836,11
10.5202,7.3,43.49,34.9899,39.4339,11
10.0339,6.96,43.82,32.5838,41.8585,11.10000038
10.0045,6.94,43.87,29.4464,42.9834,11
9.7253,6.75,42.32,27.6473,43.7541,10.89999962
9.7929,6.79,40.52,29.2375,42.0363,11.10000038
9.5408,6.62,35.22,46.1675,40.7553,10.89999962
9.7574,6.77,35.62,41.7924,41.8961,11
9.8455,6.83,35.39,39.1039,41.6417,11
9.5818,6.65,32.06,37.8858,41.7873,11
9.5385,6.62,35.81,41.1193,40.5884,10.89999962
9.4374,6.55,35.23,41.8987,40.9715,11.60000038
9.575,6.64,35.38,39.6636,41.1725,11.10000038
9.4323,6.54,35.19,37.1894,41.2413,11.10000038
8.4988,5.9,33.22,36.0178,41.1946,11.19999981
7.6642,5.32,32.12,35.3909,40.2157,11.19999981
7.7647,5.39,32.66,33.9892,40.8226,11.19999981
8.3522,5.79,33.63,32.7729,40.1351,11.19999981
8.7031,6.04,33.71,39.6551,39.2498,10.69999981
8.6798,6.02,33.36,42.9635,40.3334,12
8.8229,6.12,33.89,41.0638,40.6443,11
8.8059,6.11,33.64,38.6159,41.4122,11
8.7144,6.05,32.13,37.1607,41.0223,11.60000038
8.7481,6.07,33.4,35.0962,40.7009,11
8.7362,6.06,31.45,33.8004,40.7407,11.19999981
11.3689,7.89,32.89,41.1404,38.4542,11.10000038
12.748,8.84,34.52,45.6399,40.1271,11.39999962
12.8271,8.9,35.37,41.9181,40.5798,11.19999981
13.1551,9.13,35.87,38.3233,40.9088,11.30000019
13.16,9.13,35.79,34.289,41.2423,12
10.2818,7.13,34.24,31.6128,41.4162,11.89999962
8.5286,5.92,32.38,36.3369,40.7308,11.60000038
8.7052,6.04,32.82,40.2005,40.3333,11.60000038
8.925,6.19,32.88,39.4245,39.8202,11.60000038
8.9561,6.21,33.27,38.2736,40.1963,11.60000038
8.9817,6.23,33.03,36.5787,40.4532,11.69999981
9.2433,6.41,33.21,35.3898,40.1332,11.69999981
9.5662,6.64,32.25,34.6998,40.1877,12.5
9.909,6.87,31.99,42.1281,40.28,11.69999981
9.811,6.81,32.93,46.4988,40.5111,12.60000038
9.4565,6.56,33.89,45.4543,40.3305,12.5
9.0607,6.29,34.86,47.7462,39.0723,11.60000038
8.9034,6.18,33.19,46.8041,38.8818,12.10000038
9.0102,6.25,33.96,45.0896,40.0485,11.69999981
10.2332,7.1,34.59,42.5143,40.6638,11.89999962
9.6055,6.66,35.06,39.1787,40.8107,12.19999981
9.6229,6.68,34.34,43.3317,41.0748,11.60000038
9.3828,6.51,33.27,45.585,40.8364,11.5
8.766,6.08,33.28,42.527,40.4797,11.60000038
8.8081,6.11,32.49,40.602,40.5952,12
8.9233,6.19,33.16,38.5908,40.641,11.69999981
8.8809,6.16,33.46,35.8681,40.6641,11.60000038
8.7434,6.07,33.46,33.197,40.2278,11.60000038
8.6964,6.03,33.16,30.8092,40.439,12
8.8027,6.11,33.27,28.9562,39.9973,12.10000038
9.1035,6.32,32.19,29.1752,39.7072,11.69999981
8.9312,6.2,32.48,27.0515,40.282,12
8.9989,6.24,31.35,26.1207,39.6864,12.10000038
9.0557,6.28,31.73,24.0019,40.8098,11.80000019
9.0187,6.26,31.97,45.2027,39.0807,11.69999981
9.1503,6.35,30.92,39.2012,40.1556,11.69999981
9.3593,6.49,31.89,34.5319,40.403,11.69999981
9.5167,6.6,32.47,30.5882,39.891,11.69999981
9.3018,6.45,32.71,27.535,40.2577,11.80000019
9.6113,6.67,33.59,25.9046,39.9185,11.80000019
9.4373,6.55,34.44,35.7734,39.2035,11.80000019
9.5932,6.66,35.3,39.0188,39.3307,11.80000019
8.6224,5.98,34.19,35.1543,40.0191,11.80000019
8.5285,5.92,36.42,32.4062,40.068,12.10000038
8.6096,5.97,39.59,28.6127,40.6665,12
8.8177,6.12,40.51,26.1639,40.8986,11.80000019
8.7688,6.08,40.37,24.5317,40.6425,11.69999981
8.7958,6.1,41.36,23.1851,40.3078,11.69999981
8.9113,6.18,40.91,26.8669,39.6929,10.80000019
8.8879,6.17,40.31,46.0409,40.2832,12
8.8525,6.14,38.79,43.7391,41.7172,12
9.1802,6.37,41.33,40.2628,42.5644,12.10000038
8.6392,5.99,37.93,39.5233,41.8604,11.60000038
8.9235,6.19,39.71,35.2835,41.0932,11.60000038
9.3777,6.51,41.58,29.3818,42.7934,11.60000038
9.7482,6.76,41.68,26.9048,42.7009,11.60000038
10.1092,7.01,43.09,23.7642,42.0343,11.60000038
10.1799,7.06,43.65,27.7168,42.2222,11.60000038
10.413,7.22,42.09,34.014,42.7535,11.80000019
11.337,7.87,36.67,31.2318,41.3562,12
10.6732,7.41,35.71,30.5122,39.0195,11.69999981
10.9,7.56,38.25,27.3641,42.583,11.60000038
11.1202,7.72,38.93,35.6087,39.897,12.10000038
11.3611,7.88,39.36,39.7611,40.313,11.5
11.2333,7.79,39.01,37.5843,41.8284,11.5
11.0207,7.65,38.37,32.9017,42.2035,11.5
10.4875,7.28,37.88,28.8868,41.7486,11.60000038
10.0331,6.96,35.62,30.8839,40.978,11.69999981
9.8523,6.84,35.58,31.5381,40.5628,11.60000038
9.5809,6.65,34.13,25.9246,41.3374,11.69999981
9.5025,6.59,35.7,35.7317,40.8357,11.5
9.4974,6.59,36.98,29.9613,40.5603,12.10000038
10.0809,6.99,38.68,32.4158,40.6582,11.80000019
9.9224,6.88,37.7,30.6501,36.8256,11.69999981
10.1122,7.02,38.06,34.8585,40.3583,11.80000019
10.0543,6.98,37.7,40.9643,39.9379,11.69999981
9.8943,6.86,37.39,32.0234,41.2723,12.60000038
9.44,6.55,35.78,34.6531,41.4926,12.10000038
9.2212,6.4,35.8,40.8462,40.7343,11.80000019
8.9303,6.2,35.37,34.2716,41.4312,11.80000019
8.875,6.16,35.52,30.3862,40.9545,11.69999981
8.7698,6.08,35.05,27.3753,40.3684,11.69999981
8.3115,5.77,32.52,26.2885,39.6408,11.69999981
8.5689,5.95,33.24,31.3445,38.738,11.80000019
8.3565,5.8,32.86,43.4517,37.941,11.69999981
10.9371,7.59,38.76,36.7596,38.9881,11.69999981
12.9184,8.96,44.09,25.9022,40.9653,11.69999981
13.6376,9.46,47.08,31.8627,39.5413,11.69999981
13.3011,9.23,47.62,28.6081,40.0134,12
11.9072,8.26,45.71,23.4416,41.7499,11.80000019
11.411,7.92,46.18,30.2325,41.1664,11.80000019
11.9497,8.29,44.71,35.2133,40.7591,12.10000038
12.1089,8.4,39.8,35.0954,40.7595,12
11.8714,8.24,39.76,33.8218,40.4331,11.80000019
11.5463,8.01,38.27,28.0898,40.4709,11.89999962
13.998,9.71,32.77,22.3715,39.814,11.89999962
13.8965,9.64,34.4,21.515,38.8542,11.89999962
14.972,10.39,35.16,37.8327,38.3484,11.80000019
15.1374,10.5,35.25,27.6574,36.5407,11.80000019
15.2071,10.55,35.01,39.3553,37.1781,11.80000019
12.1532,8.43,37.73,36.1737,39.0779,11.80000019
9.9218,6.88,33.12,43.188,38.3097,11.80000019
14.3645,9.97,34.97,33.1147,39.8621,11.80000019
15.1544,10.51,34.95,23.979,37.2534,11.69999981
15.0482,10.44,34.61,36.7136,36.643,11.80000019
15.0116,10.42,34.15,27.7774,34.34,11.80000019
9.0251,6.26,35.13,41.8807,36.1266,11.80000019
0.9683,0.67,32.97,23.8602,38.5738,11.80000019
1.2085,0.87,33.19,0.5324,37.7922,11.80000019
6.3657,4.56,37.85,38.6896,40.1638,11.80000019
6.7531,4.84,38.2,36.6228,41.5562,11.80000019
6.9652,4.99,39.02,38.6405,43.1463,11
9.0028,6.45,38.59,37.9487,36.8116,11
9.7511,6.98,38.71,36.9644,37.0137,11
9.8489,7.05,38.22,37.6157,47.0114,11.60000038
9.6382,6.9,38.89,36.9041,46.5406,11.60000038
9.7802,7,38.15,37.326,46.323,10.89999962
9.5305,6.82,37.78,37.6944,31.2491,11
8.2374,5.9,38.22,37.8918,36.6849,11.39999962
8.1819,5.86,35.8,37.9048,37.4084,11.39999962
7.897,5.65,35.18,37.421,36.8824,11.10000038
8.458,6.06,35.17,38.9662,36.5247,11
8.9685,6.42,35.48,38.4098,37.534,11
9.0006,6.44,35.18,38.3752,38.4032,11.10000038
8.461,6.06,35.09,38.0855,37.5278,11.5
8.4921,6.08,36,37.7362,36.7612,11.5
8.3367,5.97,34.92,37.771,36.8025,11
8.164,5.85,35.13,39.0991,35.6554,11.39999962
8.2674,5.92,36.14,38.744,36.3709,11.30000019
8.0134,5.74,36.76,38.3625,36.997,11
7.6101,5.45,36.52,38.0926,37.5938,10.80000019
8.649,6.19,36.65,38.793,37.6958,10.69999981
8.9569,6.41,36.55,37.0903,38.0958,10.80000019
9.2078,6.59,37.02,35.7403,38.1901,11.39999962
9.1828,6.58,37.39,34.9972,36.3421,10.80000019
9.0107,6.45,37.46,33.7372,37.3369,10.80000019
9.0201,6.46,37.19,31.9808,36.2193,10.89999962
8.7161,6.24,37.04,31.2648,37.1741,10.89999962
8.8966,6.37,36.92,27.6917,37.5923,11.39999962
9.745,6.98,36.36,23.8882,37.7499,10.69999981
9.507,6.81,33.65,18.8904,38.0952,11
9.2327,6.61,34.47,31.6397,36.6849,10.89999962
9.5844,6.86,35.19,31.9571,36.6618,10.89999962
10.1338,7.26,35.13,27.3487,37.2528,10.89999962
10.1027,7.23,35.5,27.7571,38.5745,11.5
9.3881,6.72,34.11,37.3726,36.9865,11.39999962
8.9928,6.44,34.18,34.8058,37.3265,11.69999981
9.159,6.56,35.01,28.2691,37.199,11.39999962
9.1818,6.57,35.23,23.9113,37.176,11.39999962
9.1,6.52,34.33,36.6466,36.8227,10.80000019
9.1506,6.55,32.61,34.5075,36.7729,10.80000019
8.5777,6.14,33.49,30.5014,37.3049,10.69999981
9.0461,6.48,34.22,27.1671,37.7364,10.80000019
9.881,7.08,35.49,36.3958,37.9577,10.5
10.4875,7.51,36.32,30.0693,38.9011,11.30000019
10.2747,7.36,35.65,30.0379,39.2,11.39999962
10.178,7.29,35.09,35.5594,39.1938,10.69999981
10.3466,7.41,34.55,29.0137,40.2469,11
10.2648,7.35,35.1,33.5602,41.0495,11.39999962
10.0473,7.19,34.8,35.5788,39.478,11.80000019
9.8368,7.04,34.53,27.8569,40.1181,12
9.856,7.06,33.09,31.8229,39.6514,11.89999962
9.7893,7.01,33.96,33.6925,39.8853,11
9.6898,6.94,34.49,24.852,39.9995,11.10000038
10.2098,7.31,35.97,28.6376,39.3528,11
10.8107,7.74,35.9,22.9471,39.0676,11.5
10.7984,7.73,35.43,19.4809,39.5058,11.5
11.4626,8.21,35.09,35.746,39.4596,10.5
11.1224,7.96,35.03,37.3057,39.7971,10.89999962
10.9875,7.87,34.73,31.9508,40.1925,11.19999981
9.9642,7.13,34.79,24.3209,39.9382,12
9.5228,6.82,34.62,36.182,39.6952,12
8.4229,6.03,32.55,41.8668,37.6479,12
8.4615,6.06,30.7,42.6434,37.0713,11.10000038
8.2849,5.93,30.61,41.4209,36.994,11.39999962
8.1111,5.81,31.13,40.4918,37.2207,11.10000038
7.6078,5.45,32.19,38.6183,37.0838,11.10000038
7.7522,5.55,31.31,38.3373,36.7902,11.69999981
7.9077,5.66,31.69,37.7457,37.2785,11.5
7.5792,5.43,32.89,35.2526,35.8996,11.80000019
7.6025,5.44,31.13,40.5203,38.184,11.19999981
7.4819,5.36,31.67,42.984,34.8871,11.19999981
8.0882,5.79,31.97,40.3068,37.0976,11.39999962
8.8748,6.35,33.35,37.777,38.0833,11.19999981
9.4017,6.73,35.21,34.1859,38.2525,11.30000019
10.0232,7.18,36.3,31.9423,36.9993,12.39999962
10.1173,7.24,36.37,40.5914,37.3397,11.69999981
10.7113,7.67,37.73,44.2176,37.1143,11.39999962
11.2215,8.04,39.39,39.217,37.8324,11.10000038
11.5021,8.24,39.38,36.2934,37.1935,11.10000038
11.6779,8.36,40.03,33.4533,37.1944,11.69999981
12.2193,8.75,41.06,29.497,37.1146,12.30000019
12.2408,8.76,41.02,46.4114,37.3486,11.5
11.9944,8.59,41.95,43.7489,36.9555,12.39999962
11.8619,8.49,41.61,41.306,38.0564,11.39999962
12.0937,8.66,43.46,36.0846,39.6557,11.39999962
11.8459,8.48,41.31,34.4598,37.8643,11.39999962
9.1532,6.55,35.18,37.2413,36.9986,11.60000038
8.8748,6.35,34.96,35.896,36.9813,11.60000038
8.7096,6.24,32.72,36.0161,38.2071,11.89999962
8.4954,6.08,32.33,35.2088,37.5041,11.89999962
8.2706,5.92,33.79,31.6929,37.0971,11.80000019
7.8864,5.65,34.03,28.9513,37.6886,11.89999962
7.9074,5.66,31.64,27.2826,37.1783,12
8.0465,5.76,32.21,32.0919,37.4866,11.80000019
8.7477,6.26,34.01,45.9453,37.5686,12.10000038
10.6611,7.63,36.09,41.1842,37.8205,11.89999962
11.6146,8.32,36.73,42.4355,37.5507,11.69999981
11.8293,8.47,35.58,43.1451,38.9099,11.89999962
11.8204,8.46,35.76,40.2632,37.8693,12.30000019
11.2148,8.03,34.99,40.7646,37.3847,12.5
10.9718,7.86,36.15,39.9767,37.2979,11.69999981
10.9822,7.86,36.79,32.1272,36.1948,11.69999981
11.2605,8.06,35.99,31.2974,36.0222,12.80000019
11.1131,7.96,34.04,31.5911,35.5719,11.80000019
10.8418,7.76,33.89,29.2696,37.3025,11.80000019
10.3155,7.39,34.09,30.1302,36.1356,11.69999981
10.0101,7.17,34.78,27.3034,34.7384,11.80000019
10.0082,7.17,35.34,26.2219,36.3704,11.89999962
10.4699,7.5,35.47,28.9945,37.0902,11.69999981
12.8748,9.22,33.2,33.3002,37.0168,11.80000019
13.092,9.37,31.13,44.5637,35.1084,11.80000019
11.5105,8.24,33.25,50.5356,34.9712,11.80000019
11.0422,7.91,34.99,44.486,34.7117,12
11.1949,8.02,33.75,50.6213,33.2675,11.60000038
11.3806,8.15,33.81,52.2305,35.7206,12.19999981
10.9916,7.87,34.6,48.1115,35.2818,12.19999981
11.0486,7.91,34.22,52.2495,35.1689,11.60000038
11.038,7.9,33.54,49.9291,35.2221,11.80000019
11.7944,8.45,32.14,46.0994,35.0867,11.80000019
11.6416,8.34,33.64,46.5289,34.6627,12.60000038
12.1041,8.67,33.9,43.6399,34.337,12.69999981
13.3151,9.53,31.58,55.809,35.105,12
12.3258,8.83,35.25,53.0454,34.1476,12
10.8831,7.79,33.22,51.5823,34.317,12.19999981
6.4672,4.63,29.11,55.6639,28.8686,12.10000038
1.0744,0.85,30.12,8.5864,11.0496,12.10000038
7.2044,5.71,30.94,56.8658,40.4617,11.39999962
13.0988,10.38,31.3,50.4314,35.7881,11.5
14.1067,11.18,30.88,45.8358,35.569,11.60000038
8.9522,7.09,32.37,65.4969,35.9288,11.69999981
9.5917,7.6,31.86,63.1739,36.0079,11.5
9.9343,7.87,32.46,59.9126,35.968,11.89999962
9.4163,7.46,32.52,55.6236,35.7852,11.69999981
9.6157,7.62,31.79,51.7279,35.6858,12
9.8291,7.79,31.74,56.3374,35.9187,11.80000019
9.6474,7.64,31.69,64.4106,37.0276,11.39999962
9.6996,7.69,32.19,66.8432,35.8356,11.5
10.0555,7.97,33.12,67.2471,35.3903,11.5
10.4975,8.32,32.85,65.9122,35.2127,11.30000019
10.5819,8.39,31.93,63.2521,35.9386,11.5
10.5169,8.33,32.63,59.9419,35.9763,11.60000038
11.1982,8.87,34.23,54.0945,36.0808,11.80000019
12.4017,9.83,35.59,53.9716,36.466,11.5
13.3442,10.57,36.03,50.0856,36.5446,12.19999981
13.5435,10.73,34.23,44.5529,36.0014,12.5
13.6832,10.84,35.1,48.4805,35.8947,12.39999962
12.5,9.9,34.49,51.5302,36.2161,12.5
13.241,10.49,34.61,53.5923,36.4505,12.39999962
14.2355,11.28,33.91,39.8165,37.4291,12.5
13.6586,10.82,35.77,45.5682,37.3887,12.19999981
14.0125,11.1,34.86,56.8991,36.2653,12.30000019
13.7875,10.93,35.42,58.8664,37.1618,12.30000019
13.6394,10.81,35,56.3797,38.4553,12.39999962
13.6443,10.81,35.13,49.7251,38.0261,12.30000019
13.7149,10.87,35.38,46.1734,36.5819,12.39999962
13.5441,10.73,35.9,55.4303,37.2809,12.5
14.0029,11.1,33.8,58.0807,36.809,12.19999981
14.1448,11.21,31.81,55.9766,37.7999,12.5
13.5577,10.74,33.41,51.0073,37.9408,12.30000019
12.9699,10.28,36.64,51.8723,37.5048,12.39999962
12.1981,9.67,34.64,56.8501,37.5747,12.39999962
11.1178,8.81,32.77,56.5226,37.4373,12.39999962
10.3596,8.21,34.02,61.0239,37.0245,12.10000038
9.7706,7.74,33.96,67.334,37.1176,12.19999981
8.9389,7.08,33.41,66.706,37.0073,12.19999981
8.8747,7.03,30.09,68.7336,36.9959,12
8.7994,6.97,31.86,64.3488,37.2801,11.89999962
8.7723,6.95,33.31,59.5378,37.0128,11.89999962
8.7133,6.9,33.03,55.956,37.0014,12
8.668,6.87,32.72,57.4147,37.1067,12
8.15,6.46,33.18,63.5168,37.2377,12.10000038
8.6694,6.87,33.8,55.2625,37.5303,11.69999981
9.4364,7.48,32.59,55.0653,37.3022,11.69999981
10.2232,8.1,32.05,57.6199,37.4497,11.80000019
10.7801,8.54,34.44,57.4176,37.48,11.80000019
10.9572,8.68,35.23,54.9787,37.5499,12.5
10.7168,8.49,34.07,49.249,37.568,11.89999962
10.6431,8.43,33.72,48.477,37.5845,12.10000038
10.589,8.39,33.96,57.5819,37.1557,12
10.8366,8.59,34.92,57.8798,36.5878,12.10000038
10.1815,8.07,33,57.5298,36.6736,11.89999962
9.6779,7.67,32.4,52.1166,37.5659,12
9.7975,7.76,34.2,49.1487,37.7233,12.10000038
9.9819,7.91,34.53,52.0361,37.6525,11.89999962
10.0763,7.98,34.39,54.1769,37.3571,11.89999962
10.1922,8.08,34.95,48.6491,37.5493,11.80000019
10.1506,8.04,33.76,38.7856,37.8178,12
10.4061,8.25,34.31,41.338,37.8744,12
10.7738,8.54,34.6,56.7097,37.3873,11.69999981
11.0601,8.76,34.97,55.8139,36.833,11.69999981
10.8755,8.62,39.37,56.0673,36.8891,12
10.6435,8.43,39.32,56.5778,37.0726,12.10000038
10.9163,8.65,39.61,56.2104,37.6352,12.10000038
10.5712,8.38,38.81,58.2458,37.3903,12.10000038
7.3492,5.82,34.93,57.492,36.7147,12
8.1392,6.45,37.59,54.7338,36.6249,11.80000019
7.6735,6.08,36.53,57.6795,37.4349,11.60000038
7.3308,5.81,35.78,57.5706,36.8793,11.80000019
7.3173,5.8,35.83,57.0295,37.2103,11.5
8.4111,6.66,35.94,58.3318,37.1891,11.69999981
9.415,7.46,35.82,56.2655,36.5965,11.30000019
9.5632,7.58,34.69,52.3941,37.1777,11.69999981
9.5951,7.6,33.81,51.3451,37.633,11.80000019
9.5892,7.6,35.3,57.2838,37.1499,12
10.121,8.02,33.78,59.0757,37.607,12.19999981
10.2277,8.1,36.47,53.0931,37.3725,12.10000038
10.2756,8.14,38.08,39.2298,37.5678,12.19999981
10.2262,8.1,37.82,48.9846,37.7159,12.19999981
10.0962,8,36.91,46.3539,37.823,12.10000038
10.2295,8.11,36.55,48.5051,36.9058,12.10000038
10.5679,8.37,38.89,51.3012,37.749,12.10000038
10.5732,8.38,39.09,47.2322,37.5318,12
10.4394,8.27,38.59,51.7396,37.197,12.19999981
10.1984,8.08,37.42,55.5257,37.8009,12.19999981
9.5392,7.56,37.64,55.6294,37.7373,12
9.3919,7.44,36.92,57.0134,37.9276,12
9.557,7.57,35.77,57.8806,37.4592,11.89999962
9.6344,7.63,35.17,57.2653,37.4944,11.80000019
9.5659,7.58,35.41,56.9286,37.491,11.60000038
9.6411,7.64,36.11,57.1073,37.7503,11.80000019
9.8579,7.81,36.4,55.5132,37.3965,11.80000019
8.8848,7.04,34.13,57.9659,36.4566,11.80000019
8.6338,6.84,34.61,57.9453,36.4438,12
8.7475,6.93,35.2,58.3597,35.7803,12
9.2787,7.35,35.23,56.5405,36.5591,11.60000038
9.0839,7.2,36.03,58.1983,36.3583,11.80000019
9.3641,7.42,36.97,54.9608,35.7926,11.89999962
9.6099,7.61,36.76,50.1762,35.7128,11.89999962
8.8874,7.04,35.11,55.7876,36.0723,12.10000038
8.542,6.77,32.48,62.9543,35.7466,11.89999962
9.165,7.26,32.46,57.2827,35.8914,11.69999981
9.903,7.85,33.07,53.286,36.0227,11.80000019
10.2134,8.09,34.15,53.1193,36.2059,12.10000038
10.4042,8.24,34.25,53.8776,36.0343,12.10000038
10.1782,8.07,32.56,55.4446,35.72,12.19999981
9.3438,7.4,34.22,57.2123,35.8189,12.10000038
8.592,6.81,35.26,54.7075,36.0723,12.30000019
9.6286,7.63,35.35,53.7683,36.2226,12.5
10.497,8.32,35.83,53.4045,36.1856,12.10000038
10.8997,8.64,36.58,53.7829,36.272,12.10000038
11.3127,8.96,37.53,53.0887,36.6223,12.19999981
10.4775,8.3,35.97,52.8724,36.3788,12.19999981
9.8687,7.82,37.6,46.4102,36.6736,12
10.2261,8.1,37.33,46.7439,36.287,12
11.3329,8.98,35.08,44.6155,36.6677,11.80000019
10.0375,7.95,37.62,46.2051,36.4638,11.89999962
10.0405,7.96,38.14,53.3835,36.3071,12
9.5042,7.53,37.84,57.2064,35.2048,11.80000019
9.8572,7.81,36.92,56.4225,35.5736,11.69999981
9.9817,7.91,38.71,56.9835,35.3817,11.89999962
9.7837,7.75,40.18,57.0236,34.2072,11.89999962
9.5934,7.6,40.22,57.8664,32.8186,11.89999962
10.1409,8.04,41.5,57.5301,33.821,11.80000019
10.8266,8.58,43.2,57.5231,33.5012,12
10.8071,8.56,42.5,60.4848,33.1987,12
10.4519,8.28,41.87,51.8785,33.2667,11.5
9.0241,7.15,40.64,39.677,32.6053,12
7.5287,5.97,38.1,46.9665,30.6869,11.69999981
8.1397,6.45,37.23,61.5807,30.589,11.5
7.3632,5.83,36.13,61.7506,31.3643,12
7.3338,5.81,36.89,58.2349,30.0932,11.39999962
7.4442,5.9,35.83,54.8442,31.8115,11.5
7.8335,6.21,35.74,61.9201,30.5489,11.5
8.007,6.34,37.47,62.7616,31.4057,11.60000038
8.2392,6.53,38.56,52.7339,30.9483,11.69999981
8.1483,6.46,38.86,55.3491,31.4411,11.39999962
8.5919,6.81,39.11,53.8808,31.3315,11.30000019
8.9257,7.07,40.88,50.2443,30.937,11.39999962
8.5158,6.75,39.04,59.1816,31.0831,11.5
8.4266,6.68,39.26,58.8689,29.7814,11.60000038
8.4056,6.66,39.78,54.1024,29.8732,11.5
7.6991,6.1,38.03,55.2488,29.8761,11.69999981
6.1975,4.91,35.17,58.7875,30.7071,11.69999981
5.9777,4.74,34.24,58.4199,31.3682,11.5
6.8209,5.4,36.01,55.542,30.9685,11.80000019
7.4881,5.93,37.18,56.3794,29.5842,12.5
7.5808,6.01,37.16,55.8322,31.0558,12.39999962
12.9753,10.28,33.42,53.5421,29.2224,11.89999962
10.6647,8.45,36.76,50.3954,30.2007,11.69999981
8.2027,6.5,39.19,59.2658,29.3883,11.60000038
8.5221,6.75,40.14,60.1453,29.4841,11.39999962
8.6702,6.87,40.98,61.3251,29.6278,11.39999962
9.1137,7.22,42.24,56.524,27.673,11.39999962
9.4644,7.5,39.82,52.6647,44.5544,11.30000019
10.2491,8.12,38.89,49.3731,34.0406,11.69999981
11.3149,8.97,39.32,54.3808,37.2692,11.89999962
12.4113,9.83,40.58,48.8064,37.4857,12
10.828,8.58,35.51,49.1133,37.6631,12.60000038
10.8911,8.63,35.81,52.9732,37.2462,11.89999962
10.1695,8.06,36.75,53.9705,37.2879,11.80000019
9.764,7.74,37.34,55.2851,37.299,11.80000019
9.8516,7.81,37.66,54.2321,36.1959,12
9.8138,7.78,38.47,57.0378,36.5324,11.69999981
9.7313,7.71,38.2,56.9876,36.402,12.10000038
9.4375,7.48,37.68,56.5663,35.682,11.89999962
9.5301,7.55,37.43,53.6468,30.6698,11.89999962
9.4185,7.46,38.98,56.1855,33.9909,11.80000019
9.2574,7.34,37.6,58.1066,33.3362,11.80000019
9.0424,7.17,37.05,54.3218,32.9336,11.69999981
9.1908,7.28,38.49,55.3011,33.1056,11.80000019
9.1968,7.29,37.91,57.319,32.1496,11.69999981
8.5462,6.77,35.17,57.2944,31.9726,11.60000038
7.7637,6.15,35.17,52.7522,32.7142,11.69999981
6.6356,5.26,34.61,50.0913,32.8367,11.30000019
6.7139,5.32,34.98,52.177,32.9331,11.10000038
6.2966,4.99,34.51,52.2839,33.2393,11.19999981
6.683,5.3,35.17,53.2206,33.8164,11.19999981
6.8151,5.4,33.66,54.2721,32.8866,11.30000019
7.1051,5.63,35.56,58.318,32.6855,11.19999981
7.2479,5.74,36.2,57.6077,31.788,11.60000038
7.2174,5.72,35.44,57.5331,30.625,12.10000038
7.8129,6.19,35.8,60.4023,31.6724,11.80000019
8.9535,7.09,37.31,59.8784,30.4837,11.5
9.509,7.53,38.5,56.8869,30.3387,11.5
9.485,7.52,38.88,57.1945,30.3566,11.10000038
9.9522,7.89,39.51,55.8431,29.1576,11.69999981
9.3859,7.44,38.2,56.8714,30.3307,11.80000019
8.868,7.03,38.19,55.3895,31.4671,11.80000019
8.9712,7.11,38.71,58.3588,32.3367,11.80000019
8.5397,6.77,38.2,55.0461,31.7952,11.69999981
8.4336,6.68,37.8,57.9464,32.4042,11.60000038
8.7513,6.93,38.64,52.93,31.5621,11.5
8.7048,6.9,39.05,41.6563,32.8885,11.69999981
8.5938,6.81,38.28,42.0404,33.7939,11.69999981
8.4985,6.73,38.83,52.2074,32.3359,11.5
7.7547,6.14,37.91,58.8101,30.9009,11.5
7.588,6.01,37.62,54.6147,30.029,11.5
7.6776,6.08,38.1,53.3064,28.5459,11.30000019
7.5985,6.02,38.52,56.1961,29.491,11.30000019
8.3705,6.63,39.66,56.0483,30.4629,11.30000019
8.7891,6.96,40.51,54.7818,30.0828,11.5
8.3956,6.65,40.34,56.7955,29.5182,11.69999981
8.4714,6.71,39.76,57.2632,28.8747,11.80000019
8.9907,7.12,39.41,56.7354,26.723,11.69999981
8.5155,6.75,39.38,57.635,26.2049,11.69999981
8.9682,7.11,40.11,55.2518,26.8156,11.69999981
9.3748,7.43,40.69,57.6591,27.5169,11.60000038
9.6385,7.64,40.9,56.004,32.556,11.60000038
4.1898,3.32,39.2,54.0657,23.7318,11.60000038
0.2349,0.17,33.46,42.575,100,11.60000038
7.0716,5.13,37.12,65.9841,36.9283,11.39999962
7.8621,5.71,37.8,68.0866,34.9729,11.19999981
7.8146,5.67,37.83,64.8792,34.2101,11.39999962
8.45,6.13,37.46,48.9597,36.3389,11.39999962
9.0923,6.6,37.68,46.5999,36.4559,11.39999962
9.3483,6.78,38.25,50.0366,37.1098,11.80000019
9.5197,6.91,38.32,58.2208,36.5158,11.80000019
9.6793,7.02,38.36,52.9367,36.3021,11.80000019
9.5952,6.96,38.57,41.1179,36.5403,11.89999962
9.5698,6.94,38.57,47.5387,36.9054,11.89999962
9.6853,7.03,38.69,67.6219,37.4489,11.5
9.4433,6.85,38.95,54.26,36.9457,11.60000038
9.3086,6.76,38.2,51.1537,36.8514,11.60000038
9.0766,6.59,37.21,50.5212,36.7547,11.69999981
9.0514,6.57,38.25,46.1758,37.364,11.69999981
9.213,6.69,38.26,50.5953,36.8569,11.69999981
9.3099,6.76,37.96,59.2243,37.1872,11.60000038
9.2299,6.7,37.82,69.4691,37.0804,11.60000038
9.1393,6.63,38.57,64.8986,36.8668,11.69999981
9.0606,6.58,38.13,50.0663,36.5397,11.5
9.1947,6.67,38.48,55.8442,36.6725,11.5
8.9709,6.51,38.57,56.4336,37.195,11.60000038
7.6907,5.58,38.19,60.1255,36.6023,11.5
7.8853,5.72,37.18,57.9779,36.7886,11.39999962
7.2666,5.27,35.54,55.3484,36.8682,11.60000038
7.6026,5.52,34.59,53.1479,36.8116,11.5
8.8628,6.43,38.36,50.4081,37.3894,11.69999981
9.0988,6.6,38.25,57.7775,37.2146,11.80000019
9.4809,6.88,37.27,57.2344,37.4631,11.69999981
9.5607,6.94,36.97,55.8932,37.3748,11.89999962
9.3326,6.77,33.85,54.4868,36.9458,11.5
9.5457,6.93,34.12,50.7763,37.4057,11.60000038
9.6837,7.03,34.62,52.3417,37.7796,11.5
9.3148,6.76,33.32,60.5966,37.7244,11.5
8.0194,5.82,33.28,60.7142,37.5823,11.39999962
7.4973,5.44,31.55,57.1304,37.0806,11.39999962
7.5531,5.48,32.46,58.3041,36.9896,11.5
7.7767,5.64,34.58,51.8024,37.1343,11.39999962
8.0803,5.86,33.53,45.7969,37.3337,11.5
7.3668,5.35,34.41,47.4379,36.9667,11.5
6.9,5.01,34.11,60.7176,37.0257,11.5
6.7759,4.92,35.06,55.5376,37.0916,11.60000038
6.7405,4.89,33.96,56.0852,36.4421,11.30000019
6.7838,4.92,33.02,58.2435,37.5503,11.30000019
6.627,4.81,32.52,65.0125,37.1413,11.10000038
6.465,4.69,33.09,60.1246,36.9776,11.19999981
6.4181,4.66,33.3,58.7601,37.1008,11.19999981
6.3826,4.63,31.38,58.6169,36.2933,11.19999981
6.6625,4.84,31.73,56.9218,36.879,11.10000038
6.8644,4.98,33.42,55.9758,37.4873,11.19999981
7.0495,5.12,34.85,57.1941,37.8163,11.19999981
7.3662,5.35,35.76,54.4234,36.6332,11.19999981
7.327,5.32,35.39,57.795,36.5983,11.30000019
7.1999,5.23,34.5,57.1666,36.6615,11.30000019
6.9282,5.03,33.4,56.7959,36.7177,11.30000019
6.7981,4.93,32.91,51.6768,38.1747,11.19999981
8.0321,5.83,35.32,37.1884,37.1589,11.5
8.994,6.53,36.36,44.8853,36.5151,11.60000038
8.2872,6.01,35.15,54.6784,36.4104,11.60000038
8.5354,6.19,34.95,52.942,36.5592,11.60000038
8.6697,6.29,34.87,54.1583,36.498,11.5
8.6423,6.27,33.53,49.5793,36.8613,11.30000019
8.8819,6.45,33.56,47.2971,36.8966,11.10000038
9.4286,6.84,33.98,48.3564,37.5589,10
9.914,7.19,34.71,51.5548,37.2824,11.39999962
10.1448,7.36,37.14,48.9647,36.668,11.5
9.4766,6.88,34.55,56.9396,37.0651,12.30000019
8.6128,6.25,33.01,54.6648,36.9908,11.60000038
7.9839,5.79,31.12,55.765,37.0432,11.5
8.204,5.95,29.94,56.0878,37.1883,11.39999962
8.6491,6.28,33.62,57.3305,37.0387,11.30000019
8.9448,6.49,34.18,57.3147,37.4725,11.39999962
8.9144,6.47,33.15,56.4909,37.4978,11.39999962
9.6764,7.02,33.91,48.7142,36.5887,11.30000019
10.9828,7.97,32.77,44.1635,36.7858,11.5
11.2436,8.16,34.81,45.5558,37.1589,11.69999981
10.6164,7.7,35.63,54.1476,36.5584,11.69999981
10.4179,7.56,35.16,55.1909,36.8203,11.69999981
10.4605,7.59,34.99,56.9915,36.9882,11.80000019
10.3009,7.48,33.38,57.8326,36.8213,11.80000019
10.6147,7.7,33.58,56.6015,37.0938,11.80000019
11.0359,8.01,36.76,56.8895,36.3062,11.80000019
11.3466,8.23,38.24,58.1462,35.4193,11.80000019
11.3919,8.27,38.72,62.736,35.4171,11.80000019
8.1353,5.9,36.5,62.2709,34.7977,10.89999962
8.5767,6.22,36.05,59.8634,35.6717,11.69999981
9.3772,6.81,36.62,59.9566,34.7188,11.69999981
8.8266,6.41,35.71,56.7308,33.9362,11.5
8.4481,6.13,35.96,53.9399,34.1352,11.5
8.6648,6.29,36.11,51.5644,35.4911,11.60000038
10.4487,7.58,36.9,54.2766,35.2228,11.60000038
11.1473,8.09,37.49,57.3821,35.1608,11.39999962
11.0776,8.04,35.89,55.4304,35.1611,11.60000038
10.9683,7.96,34.81,53.7697,34.8251,11.60000038
10.8747,7.89,33.05,50.8789,34.1251,12
10.7546,7.8,33.79,47.5584,34.2362,12.10000038
10.6403,7.72,34.39,57.5378,35.1149,12
10.7081,7.77,34.56,52.4977,36.3728,12
11.2124,8.14,37.01,53.832,36.6078,11.19999981
11.5011,8.35,37.24,37.921,36.4548,12.10000038
11.1068,8.06,35.45,59.7899,36.9506,12.10000038
11.08,8.04,35.2,58.7889,37.0317,11.89999962
11.2329,8.15,35.57,56.2936,37.0112,11.80000019
11.1235,8.07,35.1,56.9819,37.2875,11.60000038
10.9726,7.96,36.1,54.0042,37.0765,11.69999981
10.18,7.39,35.94,51.983,37.5132,11.89999962
9.954,7.22,34.03,49.9277,37.9523,12
10.0969,7.33,34.07,52.2948,37.4812,11.89999962
9.9488,7.22,33.31,56.0851,36.9972,12
10.0986,7.33,34.21,54.1679,37.6954,12
10.6853,7.75,35.68,50.359,37.8259,11.10000038
11.0914,8.05,36.25,58.6262,37.6462,11.89999962
11.5708,8.4,36.87,54.8277,37.2487,12.69999981
13.0298,9.46,38.58,51.9695,37.2284,11.89999962
13.3914,9.72,36.76,50.2392,37.252,12
13.0141,9.44,35.18,51.0611,37.5437,12.10000038
13.6925,9.94,36.36,35.8058,37.4831,12.30000019
9.061,6.58,32.36,38.7441,37.3566,12.39999962
8.1357,5.9,33.26,49.282,37.8796,12.5
8.3953,6.09,33.93,50.0351,37.6556,12.5
8.4643,6.14,32.95,45.3757,37.7885,12.5
8.5168,6.18,32.95,57.9797,38.2925,12.39999962
8.5771,6.22,34.33,54.3068,37.7522,12.19999981
8.5818,6.23,35.1,57.769,37.6649,12.19999981
8.6146,6.25,34.74,55.1637,37.6117,12.10000038
8.5555,6.21,34.17,58.0019,37.6434,12.10000038
9.617,6.98,39.81,40.8749,38.0249,12.19999981
8.9548,6.5,41.92,48.1626,38.5587,12.10000038
8.2577,5.99,40.14,57.1132,38.1764,12.19999981
8.466,6.14,34.51,58.0531,38.9843,12.10000038
8.0366,5.83,38.07,55.9759,38.6666,12
11.3276,8.22,44.54,42.5085,39.1317,11.89999962
13.5594,9.84,46.25,33.3912,37.9909,12.10000038
13.8853,10.08,46.44,46.7737,38.0825,7.099999905
10.3727,7.53,40.07,61.4577,37.0075,11.80000019
10.6317,7.72,38.76,58.3139,36.7587,11.80000019
10.6784,7.75,34.63,58.6041,36.0402,11.89999962
10.7788,7.82,35.24,56.8421,35.671,11.89999962
10.6548,7.73,35.15,58.7568,36.5599,11.89999962
10.5505,7.66,34.78,55.7317,36.438,11.39999962
9.9421,7.22,34.01,60.1108,35.9864,11.5
9.7314,7.06,33.71,60.1431,35.478,11.5
9.7909,7.11,33.25,60.7158,34.7922,11.5
9.8945,7.18,33.74,58.5117,32.132,11.5
9.4238,6.84,33.4,58.4957,33.8316,11.60000038
8.9419,6.49,33.12,59.204,32.237,11.5
8.6462,6.27,32.55,55.6536,32.3528,10
8.4822,6.16,31.73,55.7096,32.6249,11.39999962
8.4163,6.11,32.02,46.4586,32.484,11.30000019
8.3061,6.03,31.81,53.5635,32.3927,11.39999962
8.2748,6.01,31.95,57.4956,33.6363,11.10000038
8.2687,6,32.7,60.544,32.4378,11.19999981
8.3945,6.09,32.84,50.7941,32.3082,11.5
8.8333,6.41,33.34,52.9898,34.5606,11.5
9.6829,7.03,33.73,52.1535,33.1444,11.39999962
10.16,7.37,34.71,51.9594,32.9903,11.60000038
10.1635,7.38,35.46,51.0853,34.4423,11.69999981
10.0685,7.31,35.26,45.2773,34.6515,11.89999962
9.8872,7.18,34.44,41.1593,35.1061,12
9.9089,7.19,33.47,55.786,34.9308,11.89999962
9.9921,7.25,33.91,52.0797,35.6091,10.80000019
10.3948,7.54,34.06,51.1277,34.8462,10.10000038
10.5162,7.63,35.32,55.1583,34.3845,11.39999962
10.3989,7.55,35.28,66.4399,34.1496,11.69999981
9.5376,6.92,33.78,60.2848,32.3516,11.5
9.1261,6.62,33,58.0398,32.9215,11.30000019
8.9524,6.5,33.28,58.0926,34.7548,11.5
8.7987,6.39,33.06,56.9428,34.7711,11.60000038
11.7573,8.53,33.18,54.8009,34.899,11.69999981
14.9506,10.85,34.02,43.5075,34.7866,12
15.5868,11.31,33.09,51.8809,33.8519,12.10000038
15.7519,11.43,32.96,34.8244,33.6729,12.19999981
15.5789,11.31,33.54,34.0416,34.1897,12.10000038
15.5622,11.29,31.95,37.6871,33.2912,12
15.3601,11.15,32.27,43.7892,33.7017,12.10000038
14.1502,10.27,34.42,48.9496,34.5918,12
11.9131,8.65,33.88,50.4703,34.552,12
14.0382,10.19,35.08,36.7293,34.4407,11.89999962
14.3315,10.4,35.02,43.4543,34.8952,12.10000038
14.6796,10.65,35.53,35.1034,35.0921,12.10000038
12.4145,9.01,34.73,48.1912,35.2855,12
10.715,7.78,34.15,64.5978,35.9718,11.5
11.4029,8.28,33.92,65.4294,36.0437,11.5
13.0625,9.48,35.38,57.1559,35.1861,11.69999981
13.6821,9.93,34.55,52.2226,35.1797,11.89999962
12.9806,9.42,35,46.4946,35.0662,12.10000038
12.2981,8.93,33.74,53.3835,35.0932,12.10000038
11.1073,8.06,32.87,69.2844,35.3156,11.89999962
11.2471,8.16,33.58,54.8519,35.1641,12
10.6832,7.75,33.47,38.2133,34.8074,12
10.4302,7.57,33.6,66.4227,34.9416,12
10.3376,7.5,33.59,66.0748,35.3026,11.89999962
10.4826,7.61,33.18,51.9845,35.332,11.80000019
10.6091,7.7,32.98,54.9737,35.4343,11.80000019
10.4486,7.58,33,56.2122,35.3195,11.80000019
11.5506,8.38,34.24,54.3913,35.2769,11.69999981
13.3889,9.72,34.32,46.7773,35.3135,11.80000019
13.5018,9.8,35.77,46.9508,35.5486,11.89999962
12.5832,9.13,36.1,61.3896,36.2919,12.10000038
12.1179,8.79,35.94,48.4855,36.4927,12.10000038
11.6245,8.44,34.19,61.3331,36.5027,12.10000038
0.5107,0.21,31.3,10.9896,39.5986,12.10000038
8.8388,3.61,32.92,40.1973,26.4526,10.80000019
18.2779,7.47,36.15,68.2553,37.7007,11.30000019
21.0483,8.6,36.86,57.3396,38.8676,11.69999981
19.6115,8.02,35.57,57.2761,37.778,11.80000019
18.272,7.47,34.89,48.7648,37.9022,11.89999962
18.0282,7.37,34.37,53.3525,38.2215,12
18.1544,7.42,34.86,47.3328,38.1397,12
18.2489,7.46,34.18,52.9465,38.2425,12
17.8352,7.29,34.19,53.5581,38.2176,12
19.0209,7.77,35.29,43.0507,38.0897,12
19.0197,7.77,35.25,52.0552,37.9035,12
18.9392,7.74,35.56,57.0161,37.8572,12
18.8995,7.72,34.67,44.4613,38.1255,12
18.7841,7.68,34.76,54.4665,38.2315,11.89999962
18.7748,7.67,35.01,54.2867,38.3227,0
17.7244,7.24,34.59,48.8972,39.2715,11.89999962
18.3543,7.5,33.89,67.4893,38.1198,11.30000019
18.1085,7.4,32.61,63.2715,38.0547,12.19999981
18.0954,7.4,33.65,66.1128,38.1424,12.30000019
18.1654,7.42,33.71,61.7272,38.2102,11.60000038
18.2521,7.46,33.25,67.0014,38.0253,11.60000038
17.0396,6.96,33.08,58.4256,37.755,11.60000038
16.0279,6.55,32.42,76.696,38.1814,11.60000038
15.9307,6.51,31.34,54.14,37.7379,11.69999981
16.482,6.74,32.36,67.5203,37.7067,11.89999962
17.3257,7.08,32.48,61.1362,38.3516,11.89999962
17.3567,7.09,30.82,62.137,38.8184,12
17.0512,6.97,31.63,62.3743,38.8081,12
17.1491,7.01,33.12,59.5307,38.7008,11.89999962
16.9428,6.92,33.09,49.302,38.6979,11.89999962
16.3868,6.7,32.77,46.1654,38.17,11.80000019
15.9086,6.5,31.18,54.7401,38.4646,11.89999962
16.6771,6.82,30.37,55.6865,38.7855,11.89999962
17.2159,7.04,30.27,48.1874,38.6489,11.89999962
18.1324,7.41,30.08,49.6219,38.3509,12
16.1562,6.6,30.61,59.4079,37.9801,12.10000038
15.8973,6.5,31.54,50.6444,38.4084,12.30000019
16.1155,6.59,31.27,60.5123,38.5205,12.19999981
15.8773,6.49,32.01,58.0502,38.2712,12.10000038
15.7575,6.44,31.32,58.0103,38.3212,12
15.604,6.38,31.2,60.5691,38.4316,11.89999962
15.5746,6.37,31.12,59.3783,38.3807,11.80000019
15.4094,6.3,31.13,60.1245,38.5215,12
15.5269,6.35,31.41,62.3599,38.4903,11.80000019
15.6243,6.39,32,58.4808,37.7804,11.80000019
15.6916,6.41,32.12,53.2314,38.1296,11.60000038
15.4388,6.31,32.05,54.7974,38.0304,11.69999981
14.9229,6.1,31.24,55.4341,37.8494,11.69999981
15.3022,6.25,31.73,61.2908,38.3195,11.69999981
15.6912,6.41,31.87,61.0403,37.792,11.60000038
15.4773,6.33,31.78,59.235,37.8162,11.5
16.9401,6.92,31.95,56.6471,38.002,11.19999981
17.0718,6.98,32.65,56.2731,38.2481,11.5
17.0586,6.97,32.68,58.3631,38.5348,11.60000038
17.6246,7.2,33.48,61.6169,38.7273,11.69999981
17.8056,7.28,33.35,59.8086,38.637,11.69999981
18.1804,7.43,33.75,60.0911,38.5561,11.80000019
17.0693,6.98,33.43,60.1051,38.4037,11.89999962
16.7403,6.84,32.86,60.803,38.7532,12.30000019
16.5473,6.76,32.63,62.8503,38.7437,12.19999981
16.5257,6.75,31.67,63.6722,38.7342,12.10000038
16.4181,6.71,31.37,60.3635,38.4611,12.10000038
16.3751,6.69,30.53,59.3998,38.1967,12
16.4039,6.7,30.78,59.3609,37.8924,11.80000019
15.9216,6.51,30.44,61.1112,38.1233,11.80000019
15.7859,6.45,30.83,55.4218,38.4394,11.80000019
15.8653,6.48,31.13,57.3813,38.6754,11.80000019
15.7474,6.44,31.6,60.0379,38.3,11.69999981
15.652,6.4,31.97,60.7671,38.2285,10.30000019
15.3082,6.26,32.6,60.0194,38.2588,11
17.2584,7.05,33.29,56.4048,38.2263,11.89999962
18.2719,7.47,33.83,57.7964,38.1901,11.89999962
16.9135,6.91,32.5,50.3321,38.0513,11.80000019
15.2788,6.24,31.53,54.6804,38.3716,11.69999981
15.5785,6.37,32.07,46.4809,38.2555,11.89999962
16.458,6.73,32.63,60.9256,38.6694,11.89999962
15.9091,6.5,32.78,61.1867,38.4114,12
15.6009,6.38,32.12,61.7636,38.3619,11.89999962
15.395,6.29,30.14,62.8869,38.5548,11.89999962
15.9148,6.5,31.44,66.0871,38.2876,11.69999981
15.908,6.5,31.43,65.7891,37.9221,11.69999981
15.8736,6.49,31.86,61.7253,38.3653,11.5
15.8811,6.49,32.05,64.7606,38.3949,11.60000038
16.0205,6.55,32.55,63.971,38.4312,11.30000019
16.2495,6.64,32.12,60.4247,38.4809,11.39999962
16.2106,6.63,31.7,60.8793,38.1622,11.60000038
15.9365,6.51,31.55,65.8246,38.1576,11.60000038
15.8811,6.49,31.77,61.1982,38.4682,11.60000038
15.5739,6.37,31.52,60.7477,38.3572,11.69999981
15.7379,6.43,31.44,60.3041,38.3966,11.60000038
15.8659,6.48,31.56,64.6671,38.7697,11.5
15.8479,6.48,31.95,61.3593,38.6264,11.5
15.8745,6.49,32,64.8943,38.782,11.39999962
15.6223,6.38,31.32,59.8108,39.05,11.5
12.9136,5.28,30.74,59.8651,38.9839,11.30000019
12.6971,5.19,30.77,63.3269,38.0738,11.5
13.4685,5.5,30.53,62.1918,37.8743,11.5
13.5229,5.53,31.78,58.9365,37.9427,11.60000038
13.6722,5.59,31.48,58.6657,38.3932,11.60000038
13.737,5.61,32.22,54.2629,38.2542,11.5
13.4736,5.51,31.94,55.2691,38.3208,11.80000019
13.4184,5.48,31.93,46.4582,38.2199,11.80000019
13.3433,5.45,31.92,44.1644,38.4619,11.39999962
13.7414,5.62,31.43,42.6681,38.2321,11.30000019
13.9776,5.71,31.78,41.0409,37.6438,11.30000019
12.9786,5.3,32.2,58.586,38.4173,11.5
13.0964,5.35,32.19,62.3037,38.4532,11.5
13.1253,5.36,32.28,57.7869,37.954,11.5
12.5655,5.14,32.36,60.5827,38.0319,11.5
12.0091,4.91,31.09,55.9037,38.5025,11.60000038
12.0911,4.94,31.71,55.557,38.6251,11.5
13.9665,5.71,32.49,55.4898,38.5565,11.60000038
15.6737,6.41,33.75,58.871,38.1453,11.80000019
16.6912,6.82,34.38,55.888,37.6655,11.80000019
14.9446,6.11,33.8,50.0965,37.7217,11.80000019
13.8096,5.64,33.12,47.8716,38.2415,11.80000019
13.635,5.57,32.92,47.9069,38.2796,11.89999962
13.6475,5.58,33.01,47.2053,38.4226,11.89999962
13.5978,5.56,32.37,45.9896,38.4831,12.10000038
14.6251,5.98,32.89,49.6306,38.4329,12
15.6354,6.39,35.09,49.7526,38.2793,11.89999962
11.7402,4.8,36.52,54.5137,38.889,12
11.3946,4.66,36.3,53.6969,38.5915,12
11.3007,4.62,35.88,49.9173,38.7893,11.80000019
11.3765,4.65,35.46,55.7877,38.4567,11.69999981
10.5143,4.3,34.26,47.8984,38.5257,11.69999981
17.6901,7.23,35.3,43.0497,38.3246,11.60000038
13.8178,5.65,35.91,53.5085,38.4362,11.60000038
11.9456,4.88,35.51,52.9856,38.6546,11.60000038
12.5337,5.12,36.26,51.4915,38.5911,11.60000038
12.5304,5.12,35.64,53.2336,38.6739,11.80000019
12.3737,5.06,35.57,57.4173,38.8692,12
12.7715,5.22,35.87,56.7653,38.3316,12
13.4924,5.51,36.52,55.3234,38.721,11.80000019
13.0376,5.33,38.42,52.5198,39.016,11.80000019
13.4347,5.49,37.96,55.5554,38.9874,11.80000019
12.0272,4.92,38.13,51.5928,38.7855,11.89999962
12.205,4.99,38.39,55.4859,38.7746,11.89999962
12.133,4.96,38.06,54.2482,37.9644,12.10000038
11.8767,4.85,37.54,55.4521,38.1997,11.89999962
11.845,4.84,38.63,57.5951,38.5821,11.69999981
11.8961,4.86,39,56.353,39.2315,11.60000038
11.937,4.88,38.53,56.9453,39.2303,11.19999981
12.1762,4.98,39.41,57.4529,38.2017,11.5
12.2409,5,39.46,57.6037,38.483,11.19999981
12.3919,5.06,39.39,55.3887,38.8624,11.80000019
12.498,5.11,41.39,56.3334,39.364,11.80000019
,,,,,
,,,,,
,,,,,
,,,,,
,,,,,
,,,,,
,,,,,
,,,,,
,,,,,
,,,,,
,,,,,
,,,,,
,,,,,
,,,,,
,,,,,
,,,,,
,,,,,
,,,,,
,,,,,
,,,,,
,,,,,
,,,,,
,,,,,
,,,,,
,,,,,
,,,,,
,,,,,
,,,,,
,,,,,
,,,,,
,,,,,
,,,,,
,,,,,
,,,,,
,,,,,
,,,,,
,,,,,
,,,,,
,,,,,
,,,,,
,,,,,
,,,,,
,,,,,
,,,,,
,,,,,
,,,,,
,,,,,
,,,,,
,,,,,
,,,,,
,,,,,
,,,,,
,,,,,
,,,,,
,,,,,
,,,,,
,,,,,
,,,,,
,,,,,
,,,,,
,,,,,
,,,,,
,,,,,
,,,,,
,,,,,
,,,,,
,,,,,
,,,,,
,,,,,
,,,,,
,,,,,
,,,,,
,,,,,
,,,,,
,,,,,
,,,,,
,,,,,
,,,,,
,,,,,
,,,,,
,,,,,
,,,,,
,,,,,
,,,,,
,,,,,
,,,,,
,,,,,
,,,,,
,,,,,
,,,,,
,,,,,
,,,,,
,,,,,
,,,,,
,,,,,
,,,,,
,,,,,
,,,,,
,,,,,
,,,,,
,,,,,
,,,,,
,,,,,
,,,,,
,,,,,
,,,,,
,,,,,
,,,,,
,,,,,
,,,,,
,,,,,
,,,,,
,,,,,
,,,,,
,,,,,
,,,,,
,,,,,
,,,,,
,,,,,
,,,,,
,,,,,
,,,,,
,,,,,
,,,,,
,,,,,
,,,,,
,,,,,
,,,,,
,,,,,
,,,,,
,,,,,
1.5612,0.87,29.08,0.2652,1.0817,11.80000019
0.7081,0.4,28.91,2.6524,18.3559,11.80000019
0.8099,0.45,27.97,6.7501,18.8819,11.80000019
,,,,,
,,,,,
,,,,,
7.5425,4.22,42.09,47.1691,19.1655,11.80000019
9.9034,5.54,43.76,49.74,20.2295,11.80000019
10.6543,5.96,43.39,44.0032,30.5126,11.80000019
10.7257,6,38.33,38.4678,36.5193,10.19999981
8.5355,4.78,32.82,44.7616,36.0461,10.10000038
8.4618,4.74,36.37,61.2483,36.6604,9.899999619
8.4268,4.72,32.08,66.8212,36.1183,11.30000019
8.4947,4.76,32.01,63.1516,36.4199,11.39999962
8.6691,4.85,28.74,63.0808,36.8527,11.60000038
8.4686,4.74,28.51,67.1167,37.1101,11.30000019
8.3855,4.69,29.33,64.2233,38.1605,11.19999981
8.8651,4.96,30.01,57.1396,37.7866,11.19999981
9.5078,5.32,30.82,58.2926,37.1222,11.10000038
10.013,5.61,30.87,58.58,37.4794,11.10000038
10.2232,5.72,32.73,57.3698,37.2586,11.5
10.1929,5.71,34.1,59.0675,37.2955,11.19999981
11.2758,6.31,35.08,58.5118,37.0547,11.19999981
12.2134,6.84,35.25,57.7653,37.5794,11.5
12.2332,6.85,35.43,57.9756,37.2397,9.199999809
13.7649,7.71,36.89,56.3483,37.2224,9.199999809
16.8828,9.45,35.85,55.4694,37.4638,9.300000191
17.686,9.9,36.34,55.7289,37.4292,11.19999981
17.245,9.65,34.93,53.1885,37.4784,9.600000381
16.6509,9.32,33.45,50.0451,37.4812,9.699999809
16.1691,9.05,34.24,53.0044,37.385,9.600000381
16.0821,9,33.54,53.9784,37.5613,9.199999809
16.3595,9.16,33.53,51.6009,37.392,9.800000191
16.2998,9.12,34.01,54.5158,37.3891,11.39999962
17.0857,9.56,34.06,53.0905,37.2317,9.800000191
17.4089,9.75,34.57,54.4086,37.2481,9.899999619
17.2564,9.66,35.15,51.0653,37.2129,9.600000381
17.4032,9.74,34.91,54.1288,37.4697,9.699999809
17.2446,9.65,34.91,46.8624,37.2513,10
16.994,9.51,34.68,52.1944,37.3059,10.39999962
17.7182,9.92,35.27,43.5068,37.253,10.39999962
17.3163,9.69,36.69,37.1511,37.3967,11.30000019
17.4238,9.75,37.19,53.5616,37.4425,11.19999981
18.037,10.1,37.86,47.7121,37.3269,10.80000019
17.5182,9.81,37.33,40.8082,37.3225,11.10000038
17.6344,9.87,37.52,39.0556,37.4266,11.39999962
17.3177,9.69,37.62,51.2148,37.7372,11.19999981
16.861,9.44,37.82,49.9184,37.7266,10.80000019
15.778,8.83,36.74,47.0703,37.4829,10.5
15.3049,8.57,35.85,45.0114,37.4845,11.19999981
14.6959,8.23,35.81,47.8681,37.8715,11.60000038
14.0232,7.85,35.03,47.714,37.6071,11.60000038
14.1571,7.92,35.81,47.7864,37.6114,11.60000038
15.6496,8.76,36.89,47.1952,37.6645,11.30000019
16.1232,9.03,37.04,46.9811,37.5908,11.39999962
15.6473,8.76,36.5,50.0996,37.7945,11
14.6332,8.19,35.32,53.3409,38.1642,10.69999981
14.5936,8.17,33.61,52.7625,37.8955,10.69999981
14.2776,7.99,33.4,58.8059,37.6893,10.69999981
14.5683,8.16,33.66,61.3343,37.5368,10.69999981
14.6323,8.19,34.64,60.3658,37.384,12
14.7913,8.28,34.13,56.6126,37.2264,12
14.9868,8.39,34.62,61.4437,37.3197,12
15.3765,8.61,35.68,60.5688,37.2003,12
15.3143,8.57,35.93,58.0135,36.7322,11.39999962
16.0032,8.96,35.79,61.4575,36.6272,10.89999962
16.335,9.14,34.2,59.2578,37.1465,11.69999981
15.7753,8.83,34.41,57.5343,36.8754,11.39999962
16.0815,9,35.96,57.5921,37.0986,11.30000019
15.9749,8.94,36.83,58.7607,37.0141,11.39999962
15.4988,8.68,34.66,62.3043,37.1833,12.89999962
15.6638,8.77,35.69,57.7437,36.7954,11.19999981
16.0445,8.98,35.47,60.7418,36.9916,10.30000019
15.9426,8.92,35.43,62.3462,37.054,9.899999619
15.5531,8.71,35.29,60.8985,37.0587,10.60000038
15.8356,8.86,35.93,60.8838,37.0843,10.5
15.9594,8.93,36.36,56.012,37.378,11.69999981
16.01,8.96,36.39,51.9096,37.3367,11.80000019
16.1164,9.02,36.98,58.3915,37.1845,9.899999619
15.8434,8.87,35.67,52.2659,37.0953,10.69999981
17.064,9.55,36.79,54.0506,37.2442,10.30000019
17.2727,9.67,34.86,56.2826,37.1936,11.19999981
17.638,9.87,36.01,50.2186,37.1582,11.5
17.5278,9.81,36.32,50.8669,37.2174,12.10000038
17.9357,10.04,37.7,50.7436,37.1389,12
18.368,10.28,38.07,45.6023,37.3759,11.69999981
18.4824,10.35,37.74,54.0312,37.2482,11.80000019
7.0143,3.93,32.86,49.5107,37.6481,11.80000019
