DepRate,D1,D2,D3,D4,D5,D6,D7,D8,KerFeed,ReactordP,ClayOP
2.0789,1,0,0,0,0,0,0,0,-1.613559328,-0.739373313,-1.791842445
6.8048,1,0,0,0,0,0,0,0,-0.487948973,-0.720153002,0.724301685
6.9246,1,0,0,0,0,0,0,0,-0.459433148,-0.363509445,0.94667627
6.9667,1,0,0,0,0,0,0,0,-0.449372738,-0.600826901,0.946271216
7.1494,1,0,0,0,0,0,0,0,-0.405868261,-0.734034338,0.94637248
7.1572,1,0,0,0,0,0,0,0,-0.403998928,-0.740975006,0.946575007
7.2385,1,0,0,0,0,0,0,0,-0.384659829,-0.740975006,0.946524375
7.2252,1,0,0,0,0,0,0,0,-0.387820701,-0.740174159,0.926221049
7.1083,1,0,0,0,0,0,0,0,-0.415656769,-0.571462537,0.59235538
9.3866,1,0,0,0,0,0,0,0,0.126959613,-0.389136527,0.5917478
13.655,1,0,0,0,0,0,0,0,1.143604849,-0.23430624,0.635392356
13.9102,1,0,0,0,0,0,0,0,1.204375164,-0.072001388,0.782831972
14.0459,1,0,0,0,0,0,0,0,1.236697631,0.013956116,0.794932957
14.5975,1,0,0,0,0,0,0,0,1.368094745,0.139422038,0.705922365
14.9435,1,0,0,0,0,0,0,0,1.450481348,1.540636132,0.667746036
14.7221,1,0,0,0,0,0,0,0,1.397766158,2.007262582,0.676859748
14.8067,1,0,0,0,0,0,0,0,1.417920966,2.00779648,0.714124706
11.3424,1,0,0,0,0,0,0,0,0.59279739,3.097481359,0.758022421
9.4384,1,0,0,0,0,0,0,0,0.13929721,1.804648466,0.794122849
8.4057,1,0,0,0,0,0,0,0,-0.106639034,3.297425988,0.797667071
8.8433,1,0,0,0,0,0,0,0,-0.002432217,4.973597315,0.794679798
8.0417,1,0,0,0,0,0,0,0,-0.193342096,5.455439845,0.793768427
9.2385,1,0,0,0,0,0,0,0,0.091680201,0.984047947,0.791641894
10.4893,1,0,0,0,0,0,0,0,0.389583902,0.538510449,0.780958598
11.5813,1,0,0,0,0,0,0,0,0.649693088,0.560667197,0.77402205
12.6736,1,0,0,0,0,0,0,0,0.909870251,0.583090894,0.767085502
13.4239,1,0,0,0,0,0,0,0,1.088544496,1.445869319,0.777718167
13.2645,1,0,0,0,0,0,0,0,1.050580042,0.899425186,0.794578535
12.1517,1,0,0,0,0,0,0,0,0.785542614,-0.010336222,0.794578535
11.0688,1,0,0,0,0,0,0,0,0.527642639,-0.147280941,0.794072217
11.035,1,0,0,0,0,0,0,0,0.519587513,-0.080009851,0.794274744
10.8403,1,0,0,0,0,0,0,0,0.473194068,0.016091706,0.794224113
10.859,1,0,0,0,0,0,0,0,0.477680467,-0.141141119,0.794072217
10.3748,1,0,0,0,0,0,0,0,0.362359616,-0.243382498,0.793768427
6.1791,1,0,0,0,0,0,0,0,-0.636985793,-0.077340363,0.227199299
7.1078,1,0,0,0,0,0,0,0,-0.41579272,-0.295971406,0.64308838
10.7505,1,0,0,0,0,0,0,0,0.451815696,-0.13660299,0.643341539
10.632,1,0,0,0,0,0,0,0,0.423571774,0.01101968,0.642835221
10.141,1,0,0,0,0,0,0,0,0.306653493,0.604446795,0.742934164
10.1127,1,0,0,0,0,0,0,0,0.299889907,1.110047766,0.794629166
10.79,1,0,0,0,0,0,0,0,0.461230337,0.133816114,0.794224113
12.3874,1,0,0,0,0,0,0,0,0.841690579,0.119133931,0.794173481
12.6209,1,0,0,0,0,0,0,0,0.897294738,0.592434101,0.794021586
11.9982,1,0,0,0,0,0,0,0,0.748971663,1.403958362,0.794072217
11.3715,1,0,0,0,0,0,0,0,0.599730916,0.919980242,0.794325376
11.4221,1,0,0,0,0,0,0,0,0.611762623,0.337231077,0.794072217
11.4839,1,0,0,0,0,0,0,0,0.626479372,0.044121327,0.794831693
13.6707,1,0,0,0,0,0,0,0,1.147343515,-0.063192079,0.794882325
13.9319,1,0,0,0,0,0,0,0,1.209541321,-0.105369984,0.794274744
13.7932,1,0,0,0,0,0,0,0,1.176505109,-0.125658091,0.794629166
13.6176,1,0,0,0,0,0,0,0,1.134666038,-0.137937734,0.794325376
13.3713,1,0,0,0,0,0,0,0,1.076036959,-0.176912255,0.794224113
13.7495,1,0,0,0,0,0,0,0,1.16610482,-0.174509716,0.794274744
13.7862,1,0,0,0,0,0,0,0,1.174839703,-0.168903791,0.794173481
11.0008,1,0,0,0,0,0,0,0,0.511430424,0.862319307,0.791743157
8.3441,1,0,0,0,0,0,0,0,-0.121321795,-0.03035738,0.794527903
8.2301,1,0,0,0,0,0,0,0,-0.148478105,-0.217755416,0.794629166
8.3091,1,0,0,0,0,0,0,0,-0.129682811,-0.282623968,0.794578535
8.1042,1,0,0,0,0,0,0,0,-0.178455408,-0.334678978,0.794831693
6.9929,1,0,0,0,0,0,0,0,-0.443152957,-0.401683119,0.794325376
7.074,1,0,0,0,0,0,0,0,-0.423813858,-0.408890736,0.794477271
7.1524,1,0,0,0,0,0,0,0,-0.405154516,-0.419835635,0.79442664
7.3349,1,0,0,0,0,0,0,0,-0.361718015,-0.413962762,0.794578535
7.3917,1,0,0,0,0,0,0,0,-0.348190842,-0.423839867,0.794679798
7.3148,1,0,0,0,0,0,0,0,-0.366476317,-0.427310201,0.794477271
7.465,1,0,0,0,0,0,0,0,-0.330721076,-0.42757715,0.79442664
8.6339,1,0,0,0,0,0,0,0,-0.052292426,-0.392072963,0.795388642
10.9418,1,0,0,0,0,0,0,0,0.497393433,-0.305848511,0.794629166
11.0848,1,0,0,0,0,0,0,0,0.531415293,-0.309051896,0.79503422
10.924,1,0,0,0,0,0,0,0,0.493144949,-0.32106459,0.794578535
11.0442,1,0,0,0,0,0,0,0,0.521762737,-0.307450203,0.794679798
10.8107,1,0,0,0,0,0,0,0,0.466158578,-0.315725615,0.794072217
10.0353,1,0,0,0,0,0,0,0,0.28146848,-0.321865437,0.794831693
9.8446,1,0,0,0,0,0,0,0,0.236060683,-0.320263744,0.794325376
10.1744,1,0,0,0,0,0,0,0,0.314606656,-0.307717152,0.79503422
10.8006,1,0,0,0,0,0,0,0,0.463745439,-0.28209007,0.793970954
11.3273,1,0,0,0,0,0,0,0,0.589194676,-0.276217197,0.794477271
9.4981,1,0,0,0,0,0,0,0,0.153538129,-0.362708599,0.793970954
8.3124,1,0,0,0,0,0,0,0,-0.128867102,-0.415564455,0.79442664
8.1521,1,0,0,0,0,0,0,0,-0.167069471,-0.419568687,0.794122849
7.6813,1,0,0,0,0,0,0,0,-0.279195461,-0.447865256,0.794578535
7.6362,1,0,0,0,0,0,0,0,-0.289935629,-0.451068641,0.794578535
7.9969,1,0,0,0,0,0,0,0,-0.204048276,-0.414763609,0.794477271
8.3265,1,0,0,0,0,0,0,0,-0.125502303,-0.404886504,0.794224113
7.4766,1,0,0,0,0,0,0,0,-0.32793407,-0.43611951,0.657315898
7.3605,1,0,0,0,0,0,0,0,-0.355600198,-0.460411848,0.288159909
7.4952,1,0,0,0,0,0,0,0,-0.323515647,-0.456140668,0.288210541
7.8253,1,0,0,0,0,0,0,0,-0.244901698,-0.448933051,0.288008014
8.0695,1,0,0,0,0,0,0,0,-0.186714461,-0.440924588,0.288210541
7.7597,1,0,0,0,0,0,0,0,-0.26053612,-0.44492882,0.469522788
7.877,1,0,0,0,0,0,0,0,-0.232564101,-0.416098353,0.541267959
7.8609,1,0,0,0,0,0,0,0,-0.23640473,-0.419301738,0.287704224
7.9492,1,0,0,0,0,0,0,0,-0.215366237,-0.41876784,0.288210541
7.9562,1,0,0,0,0,0,0,0,-0.213700831,-0.424373764,0.288058646
8.9195,1,0,0,0,0,0,0,0,0.015717307,-0.395810246,0.384815894
7.6766,1,0,0,0,0,0,0,0,-0.280317061,-0.439856793,0.693770748
11.6362,1,0,0,0,0,0,0,0,0.662778419,-0.309585793,0.693770748
11.8785,1,0,0,0,0,0,0,0,0.720489826,-0.280755326,0.693770748
11.6876,1,0,0,0,0,0,0,0,0.675014053,-0.283958711,0.693315062
11.4159,1,0,0,0,0,0,0,0,0.610301144,-0.265539246,0.693618853
13.295,1,0,0,0,0,0,0,0,1.057853447,-0.173708869,0.693365694
13.3951,1,0,0,0,0,0,0,0,1.081678945,-0.205475773,0.693163167
12.1197,1,0,0,0,0,0,0,0,0.777929331,-0.220424904,0.692099901
10.1367,1,0,0,0,0,0,0,0,0.305599869,-0.310119691,0.693213799
10.7365,1,0,0,0,0,0,0,0,0.448484884,-0.327471361,0.693163167
10.6534,1,0,0,0,0,0,0,0,0.428703943,-0.335479824,0.693264431
10.8349,1,0,0,0,0,0,0,0,0.471936516,-0.3298739,0.693163167
10.8392,1,0,0,0,0,0,0,0,0.472956153,-0.317861205,0.693213799
10.9094,1,0,0,0,0,0,0,0,0.489678186,-0.307450203,0.693264431
10.9646,1,0,0,0,0,0,0,0,0.502831492,-0.290098533,0.693264431
10.4135,1,0,0,0,0,0,0,0,0.371570329,-0.255128244,0.693112535
9.3687,1,0,0,0,0,0,0,0,0.122711129,0.083629745,0.693365694
9.3166,1,0,0,0,0,0,0,0,0.110305555,0.044388276,0.693213799
8.58,1,0,0,0,0,0,0,0,-0.065139842,-0.022615865,0.693011272
9.0851,1,0,0,0,0,0,0,0,0.055143238,-0.024751456,0.693416326
10.3891,1,0,0,0,0,0,0,0,0.365724415,-0.017810788,0.693365694
11.185,1,0,0,0,0,0,0,0,0.555308767,0.003545114,0.693416326
12.0954,1,0,0,0,0,0,0,0,0.772117405,0.007015448,0.693061904
12.2799,1,0,0,0,0,0,0,0,0.816063723,0.011553577,0.693264431
12.1038,1,0,0,0,0,0,0,0,0.774122689,-0.006865888,0.693264431
12.0741,1,0,0,0,0,0,0,0,0.767087199,-0.02154807,0.693163167
10.3645,1,0,0,0,0,0,0,0,0.359878501,-0.078675107,0.692808745
8.7024,1,0,0,0,0,0,0,0,-0.035978247,-0.068264105,0.693213799
9.2754,1,0,0,0,0,0,0,0,0.10048306,-0.097895419,0.693315062
7.1684,1,0,0,0,0,0,0,0,-0.401347874,-0.164365662,0.692758113
7.2188,1,0,0,0,0,0,0,0,-0.389350156,-0.010603171,0.693112535
7.6742,1,0,0,0,0,0,0,0,-0.280894855,-0.003929452,0.69412517
8.3744,1,0,0,0,0,0,0,0,-0.114116366,0.012888321,0.693264431
8.436,1,0,0,0,0,0,0,0,-0.099467593,0.003545114,0.692910008
8.4405,1,0,0,0,0,0,0,0,-0.098379981,-0.009001478,0.693011272
8.5462,1,0,0,0,0,0,0,0,-0.073194967,-0.011670966,0.693112535
8.3104,1,0,0,0,0,0,0,0,-0.129342932,0.003278165,0.606734793
8.0062,1,0,0,0,0,0,0,0,-0.201805076,0.003011216,0.623291371
8.0066,1,0,0,0,0,0,0,0,-0.201703113,0.00434596,0.642582063
8.1398,1,0,0,0,0,0,0,0,-0.169992428,-0.03249297,0.642632694
8.5191,1,0,0,0,0,0,0,0,-0.079652663,0.025968811,0.642885853
8.3176,1,0,0,0,0,0,0,0,-0.127643539,0.060405202,0.64278459
8.1192,1,0,0,0,0,0,0,0,-0.174920669,0.061739946,0.642835221
8.1626,1,0,0,0,0,0,0,0,-0.164554368,0.013689167,0.642278272
8.2269,1,0,0,0,0,0,0,0,-0.149225838,-0.008734529,0.642733958
8.349,1,0,0,0,0,0,0,0,-0.120166207,-0.013272659,0.642480799
8.2632,1,0,0,0,0,0,0,0,-0.140592918,-0.009001478,0.642379536
8.4137,1,0,0,0,0,0,0,0,-0.104735713,0.020629835,0.641366901
7.6102,1,0,0,0,0,0,0,0,-0.296121422,-0.001526913,0.642379536
7.6816,1,0,0,0,0,0,0,0,-0.279127486,-0.003395554,0.642683326
7.9669,1,0,0,0,0,0,0,0,-0.211151741,0.000875626,0.64278459
8.43,1,0,0,0,0,0,0,0,-0.100861095,0.008884089,0.642582063
12.264,1,0,0,0,0,0,0,0,0.81229107,0.100714466,0.643442802
13.3822,1,0,0,0,0,0,0,0,1.078620037,0.123138163,0.642227641
13.2673,1,0,0,0,0,0,0,0,1.0512598,0.118066136,0.642531431
12.3913,1,0,0,0,0,0,0,0,0.842608252,0.076689077,0.642177009
12.4398,1,0,0,0,0,0,0,0,0.854164128,0.065744177,0.642835221
13.1342,1,0,0,0,0,0,0,0,1.019549115,0.092972952,0.642531431
13.1732,1,0,0,0,0,0,0,0,1.028861792,0.073752641,0.642632694
13.5285,1,0,0,0,0,0,0,0,1.113491594,0.117799188,0.642480799
3.0833,1,0,0,0,0,0,0,0,-1.374318695,-0.226297777,0.405979959
7.8828,1,0,0,0,0,0,0,0,-0.231204586,-0.63579719,0.672657314
11.2696,1,0,0,0,0,0,0,0,0.575463575,-0.475894877,0.794527903
11.6167,1,0,0,0,0,0,0,0,0.658122081,-0.422238174,0.794527903
9.6361,1,0,0,0,0,0,0,0,0.186404401,-0.471356748,0.794122849
8.9068,1,0,0,0,0,0,0,0,0.012692386,-0.461479644,0.794679798
6.0503,1,0,0,0,0,0,0,0,-0.667676842,-0.427844098,0.236971224
8.4535,1,0,0,0,0,0,0,0,-0.095253097,-0.423039021,0.794376008
8.6324,1,0,0,0,0,0,0,0,-0.052666293,-0.410759377,0.794578535
11.1019,1,0,0,0,0,0,0,0,0.535527825,-0.305581562,0.79442664
12.4644,1,0,0,0,0,0,0,0,0.86004403,-0.252458757,0.79442664
12.3718,1,0,0,0,0,0,0,0,0.837985901,-0.261001117,0.794376008
11.981,1,0,0,0,0,0,0,0,0.744893119,-0.2537935,0.79736328
11.9925,1,0,0,0,0,0,0,0,0.747612149,-0.247920627,0.793970954
11.8999,1,0,0,0,0,0,0,0,0.725554019,-0.239111318,0.794527903
11.7589,1,0,0,0,0,0,0,0,0.692007989,-0.223628289,0.794122849
10.1312,1,0,0,0,0,0,0,0,0.30430833,-0.320797642,0.794173481
10.4243,1,0,0,0,0,0,0,0,0.37411942,-0.317594256,0.794527903
10.8758,1,0,0,0,0,0,0,0,0.481657048,-0.277284992,0.794527903
11.0582,1,0,0,0,0,0,0,0,0.525093549,-0.2537935,0.794021586
12.4564,1,0,0,0,0,0,0,0,0.858140709,-0.214285082,0.759085688
13.8759,1,0,0,0,0,0,0,0,1.196218075,-0.178246998,0.690834107
13.381,1,0,0,0,0,0,0,0,1.078314146,-0.187056308,0.794527903
13.7298,1,0,0,0,0,0,0,0,1.161414494,-0.179047845,0.724402948
14.5379,1,0,0,0,0,0,0,0,1.353887815,-0.177446152,0.676100272
13.9476,1,0,0,0,0,0,0,0,1.213279987,-0.20387408,0.692910008
13.818,1,0,0,0,0,0,0,0,1.182418999,-0.218022365,0.693973275
13.2632,1,0,0,0,0,0,0,0,1.050274151,-0.224162187,0.69265685
12.4644,1,0,0,0,0,0,0,0,0.860010042,-0.250056218,0.693112535
12.3654,1,0,0,0,0,0,0,0,0.836456447,-0.248721474,0.693618853
12.3978,1,0,0,0,0,0,0,0,0.844137706,-0.239111318,0.693011272
12.4455,1,0,0,0,0,0,0,0,0.855523643,-0.237509625,0.693315062
12.7545,1,0,0,0,0,0,0,0,0.929141375,-0.224429136,0.693163167
12.0235,1,0,0,0,0,0,0,0,0.755021505,-0.246318935,0.692910008
11.736,1,0,0,0,0,0,0,0,0.686535942,-0.265005349,0.693315062
11.6777,1,0,0,0,0,0,0,0,0.672634902,-0.263670605,0.692808745
11.4341,1,0,0,0,0,0,0,0,0.614617604,-0.285560404,0.693163167
11.5377,1,0,0,0,0,0,0,0,0.6392928,-0.303979869,0.693264431
11.0079,1,0,0,0,0,0,0,0,0.51309583,-0.268208734,0.692910008
11.0386,1,0,0,0,0,0,0,0,0.52043721,-0.220691853,0.611848599
10.4899,1,0,0,0,0,0,0,0,0.389753841,-0.343221338,0.541419854
11.0851,1,0,0,0,0,0,0,0,0.531517257,-0.329073054,0.54217933
10.9882,1,0,0,0,0,0,0,0,0.508439491,-0.294369713,0.541521117
9.8175,1,0,0,0,0,0,0,0,0.229602987,-0.340017953,0.54131859
10.6989,1,0,0,0,0,0,0,0,0.439512086,-0.31038664,0.541875539
12.8144,1,0,0,0,0,0,0,0,0.943382293,-0.261535015,0.541065432
12.866,1,0,0,0,0,0,0,0,0.955685903,-0.255395193,0.541166695
12.4682,1,0,0,0,0,0,0,0,0.860927715,-0.172908023,0.541571749
12.1951,1,0,0,0,0,0,0,0,0.795874927,-0.310653588,0.541267959
12.2699,1,0,0,0,0,0,0,0,0.81371856,-0.293835816,0.541521117
10.7297,1,0,0,0,0,0,0,0,0.446853467,-0.34295439,0.541065432
10.3891,1,0,0,0,0,0,0,0,0.365724415,-0.343755236,0.541267959
11.036,1,0,0,0,0,0,0,0,0.519825428,-0.325335771,0.541419854
10.3996,1,0,0,0,0,0,0,0,0.368239518,-0.317861205,0.540862905
9.7607,1,0,0,0,0,0,0,0,0.216075814,-0.346157775,0.541217327
10.2998,1,0,0,0,0,0,0,0,0.344481995,-0.335212875,0.541267959
10.245,1,0,0,0,0,0,0,0,0.331396664,-0.080810697,0.541267959
10.2568,1,0,0,0,0,0,0,0,0.334217658,-0.333611183,0.541369222
10.3028,1,0,0,0,0,0,0,0,0.345161753,-0.330407797,0.541166695
10.3593,1,0,0,0,0,0,0,0,0.358654938,-0.334412029,0.54131859
10.3393,1,0,0,0,0,0,0,0,0.353862648,-0.335212875,0.541369222
11.4545,1,0,0,0,0,0,0,0,0.61947787,-0.322933232,0.541622381
11.5296,1,0,0,0,0,0,0,0,0.637389479,-0.300242586,0.541369222
10.8221,1,0,0,0,0,0,0,0,0.468877608,-0.320797642,0.541419854
11.4808,1,0,0,0,0,0,0,0,0.625731639,-0.294636662,0.5410148
9.3123,1,0,0,0,0,0,0,0,0.109285919,-0.37765773,0.541065432
9.7546,1,0,0,0,0,0,0,0,0.214614335,-0.365645035,0.541824908
11.3198,1,0,0,0,0,0,0,0,0.587427306,-0.309318845,0.541824908
11.7267,1,0,0,0,0,0,0,0,0.68432673,-0.291166328,0.541622381
11.3872,1,0,0,0,0,0,0,0,0.603469582,-0.282890916,0.5410148
10.4472,1,0,0,0,0,0,0,0,0.379591467,-0.329073054,0.541419854
10.7528,1,0,0,0,0,0,0,0,0.452359502,-0.295437509,0.541723644
11.0226,1,0,0,0,0,0,0,0,0.516630568,-0.279687531,0.541267959
11.1814,1,0,0,0,0,0,0,0,0.554425082,-0.291433277,0.541521117
11.5291,1,0,0,0,0,0,0,0,0.637253527,-0.27781889,0.542331225
11.6736,1,0,0,0,0,0,0,0,0.671683242,-0.285026506,0.541217327
11.2657,1,0,0,0,0,0,0,0,0.574511915,-0.273547709,0.541217327
10.8695,1,0,0,0,0,0,0,0,0.480161581,-0.267407888,0.540609746
10.4103,1,0,0,0,0,0,0,0,0.370788608,-0.331742541,0.541673012
10.2389,1,0,0,0,0,0,0,0,0.329969174,-0.33841626,0.541369222
10.376,1,0,0,0,0,0,0,0,0.362631519,-0.19533172,0.541622381
12.7358,1,0,0,0,0,0,0,0,0.924654975,-0.099230163,0.491699489
13.9616,1,0,0,0,0,0,0,0,1.216610798,-0.22789947,0.541419854
14.2323,1,0,0,0,0,0,0,0,1.281085792,-0.20387408,0.532204878
14.6357,1,0,0,0,0,0,0,0,1.377169507,-0.185187666,0.540508483
14.1552,1,0,0,0,0,0,0,0,1.262732341,-0.198268156,0.541267959
14.0547,1,0,0,0,0,0,0,0,1.238770891,-0.1996029,0.638480892
12.3122,1,0,0,0,0,0,0,0,0.82377897,-0.254060449,0.641366901
9.5838,1,0,0,0,0,0,0,0,0.173930852,-0.355500982,0.613772605
8.4059,1,0,0,0,0,0,0,0,-0.106605046,-0.404085658,0.591697168
4.274,0,1,0,0,0,0,0,0,-0.521461015,-0.500187215,0.365120148
6.742,0,1,0,0,0,0,0,0,0.396211537,-0.364844189,0.542331225
7.2324,0,1,0,0,0,0,0,0,0.579746047,-0.333077285,0.541470485
7.4308,0,1,0,0,0,0,0,0,0.651120579,-0.241513857,0.541217327
7.1498,0,1,0,0,0,0,0,0,0.545758175,-0.321598488,0.5410148
5.339,0,1,0,0,0,0,0,0,-0.123802909,-0.420369533,0.541217327
6.503,0,1,0,0,0,0,0,0,0.307843069,-0.351229801,0.542280593
6.4789,0,1,0,0,0,0,0,0,0.297646707,-0.340017953,0.541521117
6.3391,0,1,0,0,0,0,0,0,0.246664899,-0.366445881,0.541267959
6.1934,0,1,0,0,0,0,0,0,0.192284303,-0.389136527,0.541166695
6.0151,0,1,0,0,0,0,0,0,0.124308559,-0.403284812,0.541824908
6.4276,0,1,0,0,0,0,0,0,0.280652771,-0.347492519,0.541926171
4.4558,0,1,0,0,0,0,0,0,-0.453485271,-0.48176775,0.541116063
4.3021,0,1,0,0,0,0,0,0,-0.511264653,-0.470288953,0.541267959
4.0144,0,1,0,0,0,0,0,0,-0.616627058,-0.439589844,0.541267959
4.1708,0,1,0,0,0,0,0,0,-0.558847675,-0.282357019,0.541166695
4.0608,0,1,0,0,0,0,0,0,-0.599633121,-0.141141119,0.540913536
4.3766,0,1,0,0,0,0,0,0,-0.484074356,-0.079742902,0.383904522
4.633,0,1,0,0,0,0,0,0,-0.388908313,-0.061590386,0.288261173
4.6678,0,1,0,0,0,0,0,0,-0.375313164,-0.055717513,0.288514331
4.5798,0,1,0,0,0,0,0,0,-0.405902249,-0.061056488,0.288159909
4.9401,0,1,0,0,0,0,0,0,-0.273349547,-0.05198023,0.288919385
5.6069,0,1,0,0,0,0,0,0,-0.02523808,-0.048509896,0.287856119
4.916,0,1,0,0,0,0,0,0,-0.283545909,-0.114446242,0.288514331
5.0979,0,1,0,0,0,0,0,0,-0.215570164,-0.105103035,0.288159909
5.0938,0,1,0,0,0,0,0,0,-0.215570164,-0.106704728,0.288564963
5.0761,0,1,0,0,0,0,0,0,-0.222367739,-0.064526822,0.287754855
5.1028,0,1,0,0,0,0,0,0,-0.212171377,-0.116047935,0.2884637
5.0693,0,1,0,0,0,0,0,0,-0.225766526,-0.099230163,0.288159909
5.0078,0,1,0,0,0,0,0,0,-0.249558037,-0.026887046,0.288261173
5.095,0,1,0,0,0,0,0,0,-0.215570164,-0.044772613,0.2884637
5.6918,0,1,0,0,0,0,0,0,0.005351005,-0.125658091,0.353525481
7.3048,0,1,0,0,0,0,0,0,0.603537558,-0.094958982,0.439650064
7.5404,0,1,0,0,0,0,0,0,0.691906026,-0.081344595,0.439751327
7.4515,0,1,0,0,0,0,0,0,0.657918154,-0.064793771,0.439903223
7.4007,0,1,0,0,0,0,0,0,0.640924217,-0.054916667,0.440207013
6.8162,0,1,0,0,0,0,0,0,0.423401835,-0.100831855,0.44010575
6.723,0,1,0,0,0,0,0,0,0.389413962,-0.104569138,0.440460172
6.699,0,1,0,0,0,0,0,0,0.379217601,-0.107238626,0.458687597
6.6458,0,1,0,0,0,0,0,0,0.358824877,-0.11284455,0.480914929
6.5759,0,1,0,0,0,0,0,0,0.335033367,-0.055984462,0.460966025
6.2886,0,1,0,0,0,0,0,0,0.226272175,-0.114713191,0.440156381
6.0645,0,1,0,0,0,0,0,0,0.144701282,-0.152352968,0.439599432
6.1717,0,1,0,0,0,0,0,0,0.185486729,-0.187857154,0.439953854
6.1395,0,1,0,0,0,0,0,0,0.17189158,-0.197734259,0.440510804
6.3884,0,1,0,0,0,0,0,0,0.263658835,-0.190526642,0.440460172
6.4161,0,1,0,0,0,0,0,0,0.273855197,-0.188924949,0.44010575
6.2179,0,1,0,0,0,0,0,0,0.202480665,-0.179848691,0.439700696
6.1713,0,1,0,0,0,0,0,0,0.185486729,-0.193463078,0.440207013
6.2281,0,1,0,0,0,0,0,0,0.205879452,-0.188658,0.442282914
6.2196,0,1,0,0,0,0,0,0,0.202480665,-0.187323257,0.439953854
6.5719,0,1,0,0,0,0,0,0,0.33163458,-0.189458847,0.440207013
7.0196,0,1,0,0,0,0,0,0,0.498175154,-0.171573279,0.44010575
7.1589,0,1,0,0,0,0,0,0,0.549156962,-0.165967355,0.440308277
7.304,0,1,0,0,0,0,0,0,0.603537558,-0.18011564,0.439751327
7.464,0,1,0,0,0,0,0,0,0.664715728,-0.167569048,0.44010575
7.1213,0,1,0,0,0,0,0,0,0.535561813,-0.176378357,0.42815666
7.2582,0,1,0,0,0,0,0,0,0.586543622,-0.192128334,0.445573977
7.5092,0,1,0,0,0,0,0,0,0.681709664,-0.168102945,0.439953854
7.4433,0,1,0,0,0,0,0,0,0.657918154,-0.180649537,0.439903223
4.0177,0,1,0,0,0,0,0,0,-0.616627058,-0.467352516,0.011305576
5.3902,0,1,0,0,0,0,0,0,-0.106808973,-0.432382228,0.744149325
5.5255,0,1,0,0,0,0,0,0,-0.055827165,-0.412094121,0.743744272
5.7068,0,1,0,0,0,0,0,0,0.01214858,-0.397678887,0.744250589
5.927,0,1,0,0,0,0,0,0,0.093719473,-0.363242496,0.743643008
6.6195,0,1,0,0,0,0,0,0,0.352027303,-0.315458666,0.743845535
7.2604,0,1,0,0,0,0,0,0,0.589942409,-0.294636662,0.74399743
7.4889,0,1,0,0,0,0,0,0,0.67491209,-0.29517056,0.744149325
7.3001,0,1,0,0,0,0,0,0,0.603537558,-0.263403656,0.743946799
7.0499,0,1,0,0,0,0,0,0,0.511770303,-0.303445972,0.743744272
7.0962,0,1,0,0,0,0,0,0,0.528764239,-0.318128154,0.743946799
7.315,0,1,0,0,0,0,0,0,0.610335132,-0.300776484,0.743744272
7.7137,0,1,0,0,0,0,0,0,0.756482983,-0.283691763,0.7428329
7.9585,0,1,0,0,0,0,0,0,0.848250238,-0.244450293,0.744351852
8.152,0,1,0,0,0,0,0,0,0.91962477,-0.248454525,0.743896167
7.889,0,1,0,0,0,0,0,0,0.821059941,-0.257797732,0.744098694
8.3252,0,1,0,0,0,0,0,0,0.984201728,-0.209746953,0.742731637
8.3619,0,1,0,0,0,0,0,0,0.997796877,-0.237509625,0.744453116
8.4087,0,1,0,0,0,0,0,0,1.014790813,-0.224963033,0.744605011
7.9958,0,1,0,0,0,0,0,0,0.861845387,-0.179581742,0.743794903
7.0351,0,1,0,0,0,0,0,0,0.504972728,-0.246051986,0.744402484
6.9247,0,1,0,0,0,0,0,0,0.464187281,-0.269810427,0.743794903
6.1796,0,1,0,0,0,0,0,0,0.185486729,-0.321865437,0.743896167
6.6552,0,1,0,0,0,0,0,0,0.362223665,-0.285560404,0.744402484
7.3868,0,1,0,0,0,0,0,0,0.634126643,-0.308251049,0.744048062
8.2093,0,1,0,0,0,0,0,0,0.940017494,-0.250590115,0.743237954
8.3708,0,1,0,0,0,0,0,0,1.001195664,-0.237776574,0.744250589
8.5024,0,1,0,0,0,0,0,0,1.048778685,-0.223628289,0.743187322
8.613,0,1,0,0,0,0,0,0,1.089564132,-0.203073234,0.74369364
8.638,0,1,0,0,0,0,0,0,1.099760493,-0.188391052,0.743288586
8.572,0,1,0,0,0,0,0,0,1.075968983,-0.183852923,0.743845535
8.3497,0,1,0,0,0,0,0,0,0.994398089,-0.212416441,0.74485817
8.2085,0,1,0,0,0,0,0,0,0.940017494,-0.223094392,0.743643008
8.1057,0,1,0,0,0,0,0,0,0.902630834,-0.239912164,0.743541745
8.1259,0,1,0,0,0,0,0,0,0.909428409,-0.203073234,0.744098694
8.0913,0,1,0,0,0,0,0,0,0.89583326,-0.278886685,0.744048062
8.3873,0,1,0,0,0,0,0,0,1.007993238,-0.209480005,0.742681005
8.1894,0,1,0,0,0,0,0,0,0.933219919,-0.259666373,0.743946799
8.1999,0,1,0,0,0,0,0,0,0.936618706,-0.269276529,0.743643008
8.2858,0,1,0,0,0,0,0,0,0.970606579,-0.265806195,0.743794903
8.4834,0,1,0,0,0,0,0,0,1.041981111,-0.252191808,0.744301221
8.5474,0,1,0,0,0,0,0,0,1.065772621,-0.186789359,0.743592376
8.4415,0,1,0,0,0,0,0,0,1.028385962,-0.22576388,0.743541745
8.6977,0,1,0,0,0,0,0,0,1.123552004,-0.236708779,0.743643008
9.0415,0,1,0,0,0,0,0,0,1.249307132,-0.232971496,0.74106079
7.2571,0,1,0,0,0,0,0,0,0.586543622,-0.297039201,0.64339217
8.7449,0,1,0,0,0,0,0,0,1.14054594,-0.214552031,0.642531431
8.3939,0,1,0,0,0,0,0,0,1.007993238,-0.238310472,0.642328904
8.2779,0,1,0,0,0,0,0,0,0.967207791,-0.244450293,0.642430167
6.7092,0,1,0,0,0,0,0,0,0.382616388,-0.338149312,0.64162006
4.6547,0,1,0,0,0,0,0,0,-0.378711951,-0.446530512,0.634886039
5.5038,0,1,0,0,0,0,0,0,-0.062624739,-0.400882273,0.594076859
8.522,0,1,0,0,0,0,0,0,1.055576259,-0.1996029,0.59205159
8.6876,0,1,0,0,0,0,0,0,1.120153217,-0.207077466,0.591798431
8.311,0,1,0,0,0,0,0,0,0.977404153,-0.218289314,0.591950326
8.3776,0,1,0,0,0,0,0,0,1.004594451,-0.211882543,0.592608539
8.3369,0,1,0,0,0,0,0,0,0.987600515,-0.221759648,0.59235538
8.44,0,1,0,0,0,0,0,0,1.024987174,-0.198535105,0.591545273
8.6089,0,1,0,0,0,0,0,0,1.089564132,-0.23003506,0.591241482
8.6388,0,1,0,0,0,0,0,0,1.099760493,-0.195865617,0.59205159
8.4238,0,1,0,0,0,0,0,0,1.021588387,-0.200403746,0.592254117
8.0719,0,1,0,0,0,0,0,0,0.889035685,-0.219624058,0.591595904
7.8773,0,1,0,0,0,0,0,0,0.817661153,-0.236975728,0.591899695
8.0909,0,1,0,0,0,0,0,0,0.89583326,-0.223361341,0.591697168
8.0047,0,1,0,0,0,0,0,0,0.865244175,-0.233505394,0.591494641
6.7984,0,1,0,0,0,0,0,0,0.41660426,-0.308784947,0.590937692
7.1165,0,1,0,0,0,0,0,0,0.535561813,-0.309585793,0.592507276
7.4326,0,1,0,0,0,0,0,0,0.651120579,-0.296505304,0.592608539
7.2561,0,1,0,0,0,0,0,0,0.586543622,-0.27781889,0.590684533
7.083,0,1,0,0,0,0,0,0,0.521966664,-0.292234123,0.591494641
7.0854,0,1,0,0,0,0,0,0,0.521966664,-0.278085838,0.592102222
7.6361,0,1,0,0,0,0,0,0,0.729292685,-0.23430624,0.5917478
7.5594,0,1,0,0,0,0,0,0,0.6987036,-0.23644183,0.591342746
7.5149,0,1,0,0,0,0,0,0,0.681709664,-0.263937554,0.592152853
8.1557,0,1,0,0,0,0,0,0,0.91962477,-0.192662232,0.59205159
8.2265,0,1,0,0,0,0,0,0,0.946815068,-0.213217287,0.591849063
8.1667,0,1,0,0,0,0,0,0,0.926422345,-0.224696084,0.591849063
8.2149,0,1,0,0,0,0,0,0,0.943416281,-0.226030828,0.591950326
8.3246,0,1,0,0,0,0,0,0,0.984201728,-0.223628289,0.591849063
7.3182,0,1,0,0,0,0,0,0,0.610335132,-0.234573189,0.569672363
6.4082,0,1,0,0,0,0,0,0,0.270456409,-0.285026506,0.541267959
5.6904,0,1,0,0,0,0,0,0,0.005351005,-0.33628067,0.540508483
5.245,0,1,0,0,0,0,0,0,-0.161189569,-0.396344144,0.541419854
5.3988,0,1,0,0,0,0,0,0,-0.103410186,-0.382462808,0.541470485
5.38,0,1,0,0,0,0,0,0,-0.11020776,-0.37765773,0.5410148
5.724,0,1,0,0,0,0,0,0,0.018946154,-0.341352697,0.541369222
5.5397,0,1,0,0,0,0,0,0,-0.052428377,-0.348560314,0.347348409
4.2369,0,1,0,0,0,0,0,0,-0.535056164,-0.421971226,0.087202548
4.513,0,1,0,0,0,0,0,0,-0.433092547,-0.43184833,0.464054561
4.8932,0,1,0,0,0,0,0,0,-0.290343484,-0.413962762,0.439599432
5.0183,0,1,0,0,0,0,0,0,-0.242760462,-0.410759377,0.440156381
5.2412,0,1,0,0,0,0,0,0,-0.161189569,-0.39928058,0.44040954
5.4166,0,1,0,0,0,0,0,0,-0.096612611,-0.385933142,0.440004486
5.9577,0,1,0,0,0,0,0,0,0.103915835,-0.33414508,0.440814594
7.0038,0,1,0,0,0,0,0,0,0.494776367,-0.204674927,0.440004486
6.7095,0,1,0,0,0,0,0,0,0.382616388,-0.259132476,0.439751327
6.8658,0,1,0,0,0,0,0,0,0.440395771,-0.263136707,0.440207013
7.0897,0,1,0,0,0,0,0,0,0.525365452,-0.242314703,0.597266659
11.9298,0,0,1,0,0,0,0,0,0.137903707,-0.303979869,0.375752813
13.9058,0,0,1,0,0,0,0,0,0.508371515,-0.261535015,0.540559114
11.3691,0,0,1,0,0,0,0,0,0.032541303,-0.316259513,0.541571749
11.3955,0,0,1,0,0,0,0,0,0.035940091,-0.307183254,0.541369222
9.3807,0,0,1,0,0,0,0,0,-0.341325292,-0.400615324,0.540862905
9.7693,0,0,1,0,0,0,0,0,-0.26995076,-0.378458576,0.541470485
12.6526,0,0,1,0,0,0,0,0,0.273855197,-0.235640984,0.541723644
14.4023,0,0,1,0,0,0,0,0,0.603537558,-0.100831855,0.541521117
15.3214,0,0,1,0,0,0,0,0,0.776875707,-0.001259964,0.5410148
16.6992,0,0,1,0,0,0,0,0,1.035183536,0.108189032,0.48531989
17.8105,0,0,1,0,0,0,0,0,1.245908344,0.220040567,0.440308277
18.0184,0,0,1,0,0,0,0,0,1.283295004,0.255277804,0.439346274
18.1622,0,0,1,0,0,0,0,0,1.310485302,-0.034895509,0.439903223
18.263,0,0,1,0,0,0,0,0,1.330878025,-0.028755687,0.440156381
18.3179,0,0,1,0,0,0,0,0,1.341074387,-0.034094663,0.440207013
18.4175,0,0,1,0,0,0,0,0,1.358068323,-0.031425175,0.44010575
18.5048,0,0,1,0,0,0,0,0,1.375062259,7.48E-05,0.440156381
18.3614,0,0,1,0,0,0,0,0,1.347871961,-0.003395554,0.441675333
12.7547,0,0,1,0,0,0,0,0,0.29424792,-0.264204502,0.541673012
13.0081,0,0,1,0,0,0,0,0,0.341830941,-0.277284992,0.541521117
13.4719,0,0,1,0,0,0,0,0,0.426800622,-0.253526552,0.540913536
13.4933,0,0,1,0,0,0,0,0,0.430199409,-0.23857742,0.580659449
13.3989,0,0,1,0,0,0,0,0,0.413205473,-0.263670605,0.642531431
13.394,0,0,1,0,0,0,0,0,0.413205473,-0.244183345,0.642632694
13.4667,0,0,1,0,0,0,0,0,0.426800622,-0.221492699,0.642683326
13.4752,0,0,1,0,0,0,0,0,0.426800622,-0.241513857,0.64278459
12.8864,0,0,1,0,0,0,0,0,0.318039431,-0.287962943,0.642531431
12.4308,0,0,1,0,0,0,0,0,0.23306975,-0.29730615,0.642278272
12.8181,0,0,1,0,0,0,0,0,0.304444282,-0.296505304,0.642025114
12.8411,0,0,1,0,0,0,0,0,0.307843069,-0.282890916,0.642379536
12.4295,0,0,1,0,0,0,0,0,0.23306975,-0.317327308,0.642075745
12.6259,0,0,1,0,0,0,0,0,0.267057622,-0.307183254,0.642733958
12.2815,0,0,1,0,0,0,0,0,0.202480665,-0.321598488,0.642328904
11.9569,0,0,1,0,0,0,0,0,0.141302495,-0.333611183,0.642733958
12.3718,0,0,1,0,0,0,0,0,0.219474601,-0.316526461,0.642278272
13.1219,0,0,1,0,0,0,0,0,0.362223665,-0.29303497,0.642480799
12.2081,0,0,1,0,0,0,0,0,0.188885516,-0.330674746,0.642531431
11.8053,0,0,1,0,0,0,0,0,0.114112197,-0.323200181,0.595494548
14.5617,0,0,1,0,0,0,0,0,0.634126643,-0.203607132,0.541571749
15.3573,0,0,1,0,0,0,0,0,0.783673281,-0.186789359,0.541369222
16.1261,0,0,1,0,0,0,0,0,0.926422345,-0.132865708,0.54131859
16.0404,0,0,1,0,0,0,0,0,0.912827196,-0.118450474,0.541824908
16.0524,0,0,1,0,0,0,0,0,0.912827196,-0.140607222,0.541622381
12.1309,0,0,1,0,0,0,0,0,0.175290367,-0.245785037,0.541419854
12.9043,0,0,1,0,0,0,0,0,0.321438218,-0.211615595,0.541267959
12.8548,0,0,1,0,0,0,0,0,0.311241856,-0.202806285,0.5410148
12.3293,0,0,1,0,0,0,0,0,0.212677026,-0.232971496,0.541622381
11.493,0,0,1,0,0,0,0,0,0.056332814,-0.33841626,0.540862905
11.6524,0,0,1,0,0,0,0,0,0.083523112,-0.346691672,0.541267959
11.7239,0,0,1,0,0,0,0,0,0.097118261,-0.338149312,0.541116063
11.7128,0,0,1,0,0,0,0,0,0.097118261,-0.344289133,0.541267959
11.9966,0,0,1,0,0,0,0,0,0.151498856,-0.337882363,0.541267959
11.9238,0,0,1,0,0,0,0,0,0.13450492,-0.344022185,0.5410148
11.6032,0,0,1,0,0,0,0,0,0.076725537,-0.349895058,0.541419854
11.7324,0,0,1,0,0,0,0,0,0.100517048,-0.33628067,0.54131859
12.0622,0,0,1,0,0,0,0,0,0.161695218,-0.316526461,0.540812273
12.64,0,0,1,0,0,0,0,0,0.270456409,-0.297840047,0.540812273
13.4743,0,0,1,0,0,0,0,0,0.426800622,-0.289297687,0.541217327
12.3937,0,0,1,0,0,0,0,0,0.226272175,-0.308517998,0.541369222
12.6531,0,0,1,0,0,0,0,0,0.273855197,-0.278886685,0.541419854
12.8526,0,0,1,0,0,0,0,0,0.311241856,-0.272746863,0.541470485
13.133,0,0,1,0,0,0,0,0,0.362223665,-0.259933322,0.541217327
12.6491,0,0,1,0,0,0,0,0,0.273855197,-0.291700226,0.541571749
12.3025,0,0,1,0,0,0,0,0,0.205879452,-0.332543388,0.540812273
11.8258,0,0,1,0,0,0,0,0,0.117510984,-0.34295439,0.540964168
11.6458,0,0,1,0,0,0,0,0,0.083523112,-0.348293365,0.541166695
11.778,0,0,1,0,0,0,0,0,0.107314622,-0.344022185,0.541166695
11.774,0,0,1,0,0,0,0,0,0.107314622,-0.337615414,0.541267959
10.6928,0,0,1,0,0,0,0,0,-0.096612611,-0.347759467,0.541116063
10.9022,0,0,1,0,0,0,0,0,-0.055827165,-0.34295439,0.538888267
11.3227,0,0,1,0,0,0,0,0,0.022344942,-0.328005258,0.541470485
11.6764,0,0,1,0,0,0,0,0,0.090320686,-0.329340002,0.54131859
11.9308,0,0,1,0,0,0,0,0,0.137903707,-0.326670515,0.541217327
12.4737,0,0,1,0,0,0,0,0,0.239867324,-0.309585793,0.54131859
12.851,0,0,1,0,0,0,0,0,0.311241856,-0.279420582,0.541166695
12.5909,0,0,1,0,0,0,0,0,0.260260048,-0.288229892,0.541521117
12.9414,0,0,1,0,0,0,0,0,0.328235792,-0.273814658,0.541419854
13.1823,0,0,1,0,0,0,0,0,0.372420026,-0.252992654,0.5410148
12.9258,0,0,1,0,0,0,0,0,0.324837005,-0.2647384,0.54131859
13.329,0,0,1,0,0,0,0,0,0.399610324,-0.268208734,0.541369222
13.9319,0,0,1,0,0,0,0,0,0.51516909,-0.226831675,0.541824908
13.848,0,0,1,0,0,0,0,0,0.498175154,-0.246318935,0.541470485
12.9548,0,0,1,0,0,0,0,0,0.33163458,-0.272479914,0.540964168
12.4013,0,0,1,0,0,0,0,0,0.226272175,-0.292768021,0.541470485
13.9661,0,0,1,0,0,0,0,0,0.521966664,-0.256196039,0.54131859
14.2085,0,0,1,0,0,0,0,0,0.566150898,-0.255929091,0.541521117
13.7656,0,0,1,0,0,0,0,0,0.484580005,-0.278352787,0.541166695
13.7121,0,0,1,0,0,0,0,0,0.474383643,-0.276751095,0.541217327
12.726,0,0,1,0,0,0,0,0,0.287450346,-0.287429045,0.540660378
13.2354,0,0,1,0,0,0,0,0,0.382616388,-0.248721474,0.541521117
13.2135,0,0,1,0,0,0,0,0,0.379217601,-0.257530783,0.541267959
14.3457,0,0,1,0,0,0,0,0,0.593341196,-0.246852832,0.54131859
14.9991,0,0,1,0,0,0,0,0,0.715697536,-0.105903882,0.541470485
15.1687,0,0,1,0,0,0,0,0,0.746286622,-0.258598578,0.586887153
15.0878,0,0,1,0,0,0,0,0,0.732691473,-0.268208734,0.642430167
14.2511,0,0,1,0,0,0,0,0,0.572948473,-0.242314703,0.642936485
14.4724,0,0,1,0,0,0,0,0,0.617132707,-0.246051986,0.642936485
14.5815,0,0,1,0,0,0,0,0,0.63752543,-0.198535105,0.566330668
14.7944,0,0,1,0,0,0,0,0,0.67491209,-0.174509716,0.541571749
14.8331,0,0,1,0,0,0,0,0,0.685108451,-0.21481898,0.541571749
14.9222,0,0,1,0,0,0,0,0,0.702102388,-0.216153724,0.541419854
15.0176,0,0,1,0,0,0,0,0,0.719096324,-0.198535105,0.541166695
15.0096,0,0,1,0,0,0,0,0,0.715697536,-0.197734259,0.541116063
14.9924,0,0,1,0,0,0,0,0,0.712298749,-0.195064771,0.541622381
14.9871,0,0,1,0,0,0,0,0,0.712298749,-0.190259693,0.541470485
15.0134,0,0,1,0,0,0,0,0,0.719096324,-0.203340183,0.541166695
14.9575,0,0,1,0,0,0,0,0,0.708899962,-0.205475773,0.5410148
14.0723,0,0,1,0,0,0,0,0,0.538960601,-0.227632521,0.541166695
13.8602,0,0,1,0,0,0,0,0,0.501573941,-0.234840138,0.541166695
14.3393,0,0,1,0,0,0,0,0,0.589942409,-0.249789269,0.541723644
14.6404,0,0,1,0,0,0,0,0,0.647721792,-0.232437599,0.541521117
15.034,0,0,1,0,0,0,0,0,0.722495111,-0.23003506,0.541419854
14.8851,0,0,1,0,0,0,0,0,0.695304813,-0.19746731,0.541419854
14.8415,0,0,1,0,0,0,0,0,0.685108451,-0.185721564,0.541217327
14.9876,0,0,1,0,0,0,0,0,0.712298749,-0.171840228,0.541217327
15.1442,0,0,1,0,0,0,0,0,0.742887834,-0.16489956,0.541166695
15.1249,0,0,1,0,0,0,0,0,0.739489047,-0.185454615,0.541166695
15.1405,0,0,1,0,0,0,0,0,0.742887834,-0.189992744,0.541166695
15.1336,0,0,1,0,0,0,0,0,0.739489047,-0.125658091,0.541470485
14.7035,0,0,1,0,0,0,0,0,0.657918154,-0.228433367,0.541116063
15.1074,0,0,1,0,0,0,0,0,0.73609026,-0.243649447,0.541875539
17.6526,0,0,1,0,0,0,0,0,1.215319259,-0.095759828,0.441928492
17.9123,0,0,1,0,0,0,0,0,1.26290228,-0.077874261,0.439700696
18.3235,0,0,1,0,0,0,0,0,1.341074387,-0.059454796,0.438029848
18.9338,0,0,1,0,0,0,0,0,1.456633153,-0.031692124,0.440460172
12.7224,0,0,1,0,0,0,0,0,0.287450346,-0.263937554,0.331399412
8.9368,0,0,0,1,0,0,0,0,-0.001446569,-0.387801783,0.541369222
8.9376,0,0,0,1,0,0,0,0,-0.001446569,-0.380594166,0.541065432
9.9278,0,0,0,1,0,0,0,0,0.23306975,-0.016742993,0.541926171
13.2072,0,0,0,1,0,0,0,0,1.004594451,0.114328854,0.540964168
13.0384,0,0,0,1,0,0,0,0,0.967207791,0.109790724,0.541622381
13.0318,0,0,0,1,0,0,0,0,0.963809004,0.105519544,0.541521117
13.581,0,0,0,1,0,0,0,0,1.092962919,0.106053442,0.541521117
13.997,0,0,0,1,0,0,0,0,1.191527749,0.131680524,0.54131859
14.3742,0,0,0,1,0,0,0,0,1.279896217,0.116731392,0.541419854
13.7635,0,0,0,1,0,0,0,0,1.137147153,0.098845825,0.541166695
13.1977,0,0,0,1,0,0,0,0,1.004594451,0.079091616,0.541369222
13.6587,0,0,0,1,0,0,0,0,1.113355642,0.085498386,0.5410148
13.0809,0,0,0,1,0,0,0,0,0.977404153,0.095375491,0.540407219
9.7193,0,0,0,1,0,0,0,0,0.182087941,-0.054649718,0.542078066
13.8915,0,0,0,1,0,0,0,0,1.167736238,0.045989968,0.541369222
13.7046,0,0,0,1,0,0,0,0,1.123552004,0.028104401,0.5410148
12.4202,0,0,0,1,0,0,0,0,0.821059941,-0.023149763,0.541875539
12.6276,0,0,0,1,0,0,0,0,0.868642962,-0.024751456,0.541571749
12.6832,0,0,0,1,0,0,0,0,0.882238111,-0.014874351,0.541116063
11.5547,0,0,0,1,0,0,0,0,0.617132707,-0.083480185,0.497117085
10.2859,0,0,0,1,0,0,0,0,0.318039431,-0.134734349,0.249730422
13.9993,0,0,0,1,0,0,0,0,1.191527749,-0.026887046,0.25317338
14.3472,0,0,0,1,0,0,0,0,1.273098642,-0.030891277,0.288008014
14.6245,0,0,0,1,0,0,0,0,1.341074387,-0.025018404,0.287805487
14.3077,0,0,0,1,0,0,0,0,1.266301068,-0.027153995,0.287754855
14.9976,0,0,0,1,0,0,0,0,1.429442855,0.013422218,0.288362436
15.2887,0,0,0,1,0,0,0,0,1.497418599,0.027570503,0.288210541
13.5394,0,0,0,1,0,0,0,0,1.082766557,-0.049310742,0.287653592
12.1076,0,0,0,1,0,0,0,0,0.746286622,-0.091221699,0.287653592
14.4315,0,0,0,1,0,0,0,0,1.293491366,0.026769657,0.287704224
14.5617,0,0,0,1,0,0,0,0,1.324080451,0.019028143,0.2884637
14.6749,0,0,0,1,0,0,0,0,1.351270748,0.03050694,0.288058646
14.6655,0,0,0,1,0,0,0,0,1.351270748,0.031040837,0.287451065
14.8204,0,0,0,1,0,0,0,0,1.385258621,-0.011404017,0.287197906
14.6784,0,0,0,1,0,0,0,0,1.351270748,0.024367118,0.288261173
14.4315,0,0,0,1,0,0,0,0,1.293491366,-0.040768382,0.287552328
14.3852,0,0,0,1,0,0,0,0,1.283295004,-0.045306511,0.289223176
13.5077,0,0,0,1,0,0,0,0,1.075968983,-0.080009851,0.290235811
13.0333,0,0,0,1,0,0,0,0,0.963809004,-0.115247089,0.277932299
12.9026,0,0,0,1,0,0,0,0,0.933219919,-0.126992835,0.3021849
12.8652,0,0,0,1,0,0,0,0,0.926422345,-0.133399605,0.323602125
12.8133,0,0,0,1,0,0,0,0,0.912827196,-0.139005529,0.352158424
11.7103,0,0,0,1,0,0,0,0,0.651120579,-0.181717332,0.38906896
10.5447,0,0,0,1,0,0,0,0,0.379217601,-0.240179113,0.389524645
10.1659,0,0,0,1,0,0,0,0,0.287450346,-0.258598578,0.389220855
11.6589,0,0,0,1,0,0,0,0,0.640924217,-0.207878312,0.38937275
11.9232,0,0,0,1,0,0,0,0,0.702102388,-0.194797822,0.389625909
12.5318,0,0,0,1,0,0,0,0,0.844851451,-0.194530873,0.389625909
13.3999,0,0,0,1,0,0,0,0,1.052177472,-0.135001298,0.390132226
13.4437,0,0,0,1,0,0,0,0,1.062373834,-0.137937734,0.389170223
13.6654,0,0,0,1,0,0,0,0,1.113355642,-0.112043703,0.389879067
14.249,0,0,0,1,0,0,0,0,1.252705919,-0.104836087,0.389119591
14.4531,0,0,0,1,0,0,0,0,1.30028894,-0.086416622,0.387853798
6.7985,0,0,0,1,0,0,0,0,-0.504467079,-0.389136527,0.304868382
6.6129,0,0,0,1,0,0,0,0,-0.548651313,-0.392072963,0.187098964
6.8231,0,0,0,1,0,0,0,0,-0.501068292,-0.380060269,0.186744542
9.4326,0,0,0,1,0,0,0,0,0.114112197,-0.260734168,0.242338188
11.0139,0,0,0,1,0,0,0,0,0.487978792,0.099112774,0.288058646
10.8262,0,0,0,1,0,0,0,0,0.443794558,0.05212979,0.287957382
11.0555,0,0,0,1,0,0,0,0,0.498175154,0.043053532,0.288514331
10.9635,0,0,0,1,0,0,0,0,0.47778243,0.037447608,0.288159909
10.8167,0,0,0,1,0,0,0,0,0.440395771,0.031307786,0.288058646
10.6175,0,0,0,1,0,0,0,0,0.396211537,0.012087475,0.288159909
10.4213,0,0,0,1,0,0,0,0,0.348628516,-0.041302279,0.288008014
10.5329,0,0,0,1,0,0,0,0,0.375818814,-0.055717513,0.288311805
10.5746,0,0,0,1,0,0,0,0,0.386015175,-0.082946288,0.269831221
9.9491,0,0,0,1,0,0,0,0,0.236468537,-0.138471632,0.427599711
9.1609,0,0,0,1,0,0,0,0,0.052934027,-0.19533172,0.533470671
9.2826,0,0,0,1,0,0,0,0,0.080124325,-0.200670695,0.490737486
8.513,0,0,0,1,0,0,0,0,-0.100011399,-0.221492699,0.490686854
7.4755,0,0,0,1,0,0,0,0,-0.344724079,-0.254594347,0.490484327
7.1899,0,0,0,1,0,0,0,0,-0.412699824,-0.247920627,0.490788118
6.9955,0,0,0,1,0,0,0,0,-0.460282845,-0.228700316,0.490332432
6.7351,0,0,0,1,0,0,0,0,-0.521461015,-0.238043523,0.490788118
7.0548,0,0,0,1,0,0,0,0,-0.446687696,-0.235907933,0.490636222
8.0202,0,0,0,1,0,0,0,0,-0.218968952,-0.220157955,0.490990645
8.6207,0,0,0,1,0,0,0,0,-0.076219888,-0.208412209,0.490940013
8.8862,0,0,0,1,0,0,0,0,-0.011642931,-0.192662232,0.490383064
8.7111,0,0,0,1,0,0,0,0,-0.055827165,0.055867073,0.486332525
8.5457,0,0,0,1,0,0,0,0,-0.093213824,0.044922173,0.490940013
8.5845,0,0,0,1,0,0,0,0,-0.083017463,0.049193354,0.490940013
7.9261,0,0,0,1,0,0,0,0,-0.239361675,0.044121327,0.490636222
7.2812,0,0,0,1,0,0,0,0,-0.3923071,0.016892552,0.490585591
7.2067,0,0,0,1,0,0,0,0,-0.409301037,-0.006865888,0.490383064
7.4559,0,0,0,1,0,0,0,0,-0.351521654,-0.005798093,0.490484327
7.655,0,0,0,1,0,0,0,0,-0.303938632,-0.005264195,0.490838749
7.7103,0,0,0,1,0,0,0,0,-0.290343484,-0.045306511,0.490585591
8.5375,0,0,0,1,0,0,0,0,-0.096612611,-0.117916576,0.490788118
9.6524,0,0,0,1,0,0,0,0,0.168492792,-0.107772523,0.491041276
10.3364,0,0,0,1,0,0,0,0,0.328235792,-0.110175062,0.490636222
10.8695,0,0,0,1,0,0,0,0,0.45399092,-0.101632701,0.490990645
10.5202,0,0,0,1,0,0,0,0,0.372420026,-0.101365753,0.490383064
10.0339,0,0,0,1,0,0,0,0,0.25686126,-0.118717423,0.490383064
10.0045,0,0,0,1,0,0,0,0,0.250063686,-0.132064861,0.490484327
9.7253,0,0,0,1,0,0,0,0,0.185486729,-0.122454705,0.490585591
9.7929,0,0,0,1,0,0,0,0,0.199081878,-0.102700497,0.490686854
9.7574,0,0,0,1,0,0,0,0,0.192284303,0.000875626,0.490737486
9.8455,0,0,0,1,0,0,0,0,0.212677026,0.014756962,0.490788118
9.5818,0,0,0,1,0,0,0,0,0.151498856,-0.006065042,0.49114254
9.5385,0,0,0,1,0,0,0,0,0.141302495,-0.024217558,0.490889381
9.4374,0,0,0,1,0,0,0,0,0.117510984,-0.033026868,0.490585591
9.575,0,0,0,1,0,0,0,0,0.148100069,-0.024217558,0.490788118
9.4323,0,0,0,1,0,0,0,0,0.114112197,-0.028488738,0.490737486
8.4988,0,0,0,1,0,0,0,0,-0.103410186,-0.066929361,0.490484327
7.6642,0,0,0,1,0,0,0,0,-0.300539845,-0.112577601,0.490838749
7.7647,0,0,0,1,0,0,0,0,-0.276748335,-0.114179294,0.490484327
8.3522,0,0,0,1,0,0,0,0,-0.140796845,-0.098963214,0.49114254
8.7031,0,0,0,1,0,0,0,0,-0.055827165,-0.077874261,0.490889381
8.6798,0,0,0,1,0,0,0,0,-0.062624739,-0.085615775,0.490484327
8.8229,0,0,0,1,0,0,0,0,-0.028636867,-0.098429316,0.490838749
8.8059,0,0,0,1,0,0,0,0,-0.032035654,-0.109908113,0.490433695
8.7144,0,0,0,1,0,0,0,0,-0.052428377,-0.123789449,0.490990645
8.7481,0,0,0,1,0,0,0,0,-0.045630803,-0.133399605,0.490484327
8.7362,0,0,0,1,0,0,0,0,-0.04902959,-0.136869939,0.490838749
11.3689,0,0,0,1,0,0,0,0,0.572948473,-0.036497202,0.463244453
12.748,0,0,0,1,0,0,0,0,0.89583326,0.013689167,0.44040954
12.8271,0,0,0,1,0,0,0,0,0.916225983,0.015023911,0.440460172
13.1551,0,0,0,1,0,0,0,0,0.994398089,0.037714557,0.440257645
13.16,0,0,0,1,0,0,0,0,0.994398089,0.037447608,0.440612067
10.2818,0,0,0,1,0,0,0,0,0.314640643,-0.070666644,0.438434902
8.5286,0,0,0,1,0,0,0,0,-0.096612611,-0.149950429,0.440055118
8.925,0,0,0,1,0,0,0,0,-0.004845356,-0.139272478,0.439852591
8.9561,0,0,0,1,0,0,0,0,0.001952218,0.013956116,0.440358908
8.9817,0,0,0,1,0,0,0,0,0.008749793,0.011286628,0.440207013
9.2433,0,0,0,1,0,0,0,0,0.069927963,-0.003929452,0.44010575
9.5662,0,0,0,1,0,0,0,0,0.148100069,-0.000726066,0.440257645
9.909,0,0,0,1,0,0,0,0,0.226272175,0.011820526,0.439751327
9.811,0,0,0,1,0,0,0,0,0.205879452,-0.008734529,0.440207013
9.4565,0,0,0,1,0,0,0,0,0.120909771,-0.031692124,0.440156381
9.0607,0,0,0,1,0,0,0,0,0.029142516,-0.055450564,0.440004486
8.9034,0,0,0,1,0,0,0,0,-0.008244143,-0.064526822,0.439953854
9.0102,0,0,0,1,0,0,0,0,0.015547367,-0.059988693,0.440257645
10.2332,0,0,0,1,0,0,0,0,0.304444282,-0.009535376,0.440156381
9.6055,0,0,0,1,0,0,0,0,0.154897644,-0.036497202,0.440156381
9.6229,0,0,0,1,0,0,0,0,0.161695218,-0.029289585,0.439852591
9.3828,0,0,0,1,0,0,0,0,0.103915835,-0.03889974,0.439801959
8.766,0,0,0,1,0,0,0,0,-0.042232016,0.099646671,0.440460172
8.9233,0,0,0,1,0,0,0,0,-0.004845356,0.101782261,0.440207013
8.8809,0,0,0,1,0,0,0,0,-0.015041718,0.045456071,0.439852591
8.7434,0,0,0,1,0,0,0,0,-0.045630803,0.001142575,0.439953854
8.6964,0,0,0,1,0,0,0,0,-0.059225952,-0.027687892,0.440004486
8.8027,0,0,0,1,0,0,0,0,-0.032035654,-0.03462856,0.439700696
9.1035,0,0,0,1,0,0,0,0,0.039338878,-0.015942146,0.439650064
8.9312,0,0,0,1,0,0,0,0,-0.001446569,-0.030891277,0.44040954
8.9989,0,0,0,1,0,0,0,0,0.01214858,-0.018611634,0.440358908
9.0557,0,0,0,1,0,0,0,0,0.025743729,-0.023149763,0.439650064
9.0187,0,0,0,1,0,0,0,0,0.018946154,0.092439054,0.439953854
9.1503,0,0,0,1,0,0,0,0,0.049535239,0.118066136,0.440055118
9.3593,0,0,0,1,0,0,0,0,0.097118261,0.118866983,0.440510804
9.5167,0,0,0,1,0,0,0,0,0.13450492,0.088167874,0.440561435
9.3018,0,0,0,1,0,0,0,0,0.083523112,0.070282307,0.440257645
9.6113,0,0,0,1,0,0,0,0,0.158296431,0.07161705,0.440156381
9.4373,0,0,0,1,0,0,0,0,0.117510984,0.033443376,0.439953854
9.5932,0,0,0,1,0,0,0,0,0.154897644,0.029172196,0.440004486
8.6224,0,0,0,1,0,0,0,0,-0.076219888,0.005680704,0.439801959
8.5285,0,0,0,1,0,0,0,0,-0.096612611,0.008884089,0.440156381
8.6096,0,0,0,1,0,0,0,0,-0.079618675,-0.0041964,0.439903223
8.8177,0,0,0,1,0,0,0,0,-0.028636867,-0.013539607,0.44010575
8.7688,0,0,0,1,0,0,0,0,-0.042232016,-0.059721745,0.439953854
8.7958,0,0,0,1,0,0,0,0,-0.035434441,-0.079209005,0.440156381
8.8879,0,0,0,1,0,0,0,0,-0.011642931,-0.01941248,0.439903223
8.8525,0,0,0,1,0,0,0,0,-0.021839292,-0.06719631,0.440156381
9.1802,0,0,0,1,0,0,0,0,0.056332814,-0.08881916,0.440055118
8.6392,0,0,0,1,0,0,0,0,-0.072821101,-0.104836087,0.439852591
8.9235,0,0,0,1,0,0,0,0,-0.004845356,-0.100031009,0.440308277
9.3777,0,0,0,1,0,0,0,0,0.103915835,-0.107505574,0.440308277
9.7482,0,0,0,1,0,0,0,0,0.188885516,-0.106170831,0.440460172
10.1799,0,0,0,1,0,0,0,0,0.290849133,-0.101365753,0.439953854
10.413,0,0,0,1,0,0,0,0,0.345229728,-0.093090341,0.439801959
11.337,0,0,0,1,0,0,0,0,0.566150898,-0.037031099,0.342183972
10.6732,0,0,0,1,0,0,0,0,0.409806686,-0.01300571,0.302438059
10.9,0,0,0,1,0,0,0,0,0.460788494,-0.067463259,0.388157588
11.2333,0,0,0,1,0,0,0,0,0.538960601,-0.08668357,0.38937275
10.4875,0,0,0,1,0,0,0,0,0.365622452,-0.095225931,0.390638543
10.0331,0,0,0,1,0,0,0,0,0.25686126,-0.101098804,0.38906896
9.8523,0,0,0,1,0,0,0,0,0.216075814,-0.103768292,0.389575277
9.5809,0,0,0,1,0,0,0,0,0.151498856,-0.114179294,0.389271487
9.5025,0,0,0,1,0,0,0,0,0.131106133,-0.130997066,0.38967654
10.0809,0,0,0,1,0,0,0,0,0.267057622,-0.137670785,0.388714537
9.9224,0,0,0,1,0,0,0,0,0.229670963,-0.139806376,0.389524645
10.1122,0,0,0,1,0,0,0,0,0.277253984,-0.13233181,0.389625909
10.0543,0,0,0,1,0,0,0,0,0.263658835,-0.133399605,0.389727172
9.8943,0,0,0,1,0,0,0,0,0.222873388,-0.146480095,0.389423382
9.44,0,0,0,1,0,0,0,0,0.117510984,-0.175043613,0.389220855
9.2212,0,0,0,1,0,0,0,0,0.066529176,-0.192395283,0.38937275
8.9303,0,0,0,1,0,0,0,0,-0.001446569,-0.209480005,0.389271487
8.875,0,0,0,1,0,0,0,0,-0.015041718,-0.21268339,0.389474013
8.7698,0,0,0,1,0,0,0,0,-0.042232016,-0.219357109,0.389423382
8.3115,0,0,0,1,0,0,0,0,-0.14759442,-0.235640984,0.388765169
8.5689,0,0,0,1,0,0,0,0,-0.08641625,-0.23217065,0.389423382
8.3565,0,0,0,1,0,0,0,0,-0.137398058,-0.248721474,0.388106957
10.9371,0,0,0,1,0,0,0,0,0.470984856,-0.160895328,0.32142496
12.9184,0,0,0,1,0,0,0,0,0.936618706,-0.077607312,0.288666227
13.6376,0,0,0,1,0,0,0,0,1.106558068,-0.027687892,0.288311805
13.3011,0,0,0,1,0,0,0,0,1.028385962,-0.039967536,0.350133154
11.9072,0,0,0,1,0,0,0,0,0.6987036,-0.115247089,0.52673665
11.411,0,0,0,1,0,0,0,0,0.583144835,-0.202539337,0.895892639
11.9497,0,0,0,1,0,0,0,0,0.708899962,-0.171840228,0.89563948
12.1089,0,0,0,1,0,0,0,0,0.746286622,-0.121653859,0.89563948
11.8714,0,0,0,1,0,0,0,0,0.691906026,-0.123522501,0.895943271
13.8965,0,0,0,1,0,0,0,0,1.167736238,0.111125468,0.451042205
14.972,0,0,0,1,0,0,0,0,1.42264528,0.179464353,0.311653035
15.1374,0,0,0,1,0,0,0,0,1.46003194,0.203222794,0.288311805
15.2071,0,0,0,1,0,0,0,0,1.477025876,0.218171925,0.288109278
12.1532,0,0,0,1,0,0,0,0,0.756482983,0.001943421,0.254692332
9.9218,0,0,0,1,0,0,0,0,0.229670963,-0.222293546,0.885918187
14.3645,0,0,0,1,0,0,0,0,1.279896217,-0.024217558,0.488509689
15.0482,0,0,0,1,0,0,0,0,1.439639216,0.016892552,0.44010575
9.0251,0,0,0,1,0,0,0,0,0.018946154,-0.025285353,0.695947913
1.2085,0,0,0,0,1,0,0,0,-1.813000162,-0.740441108,-2.743415295
6.3657,0,0,0,0,1,0,0,0,-0.558847675,-0.289030738,0.081734321
6.7531,0,0,0,0,1,0,0,0,-0.463681632,-0.216153724,0.085683596
6.9652,0,0,0,0,1,0,0,0,-0.412699824,-0.207077466,0.085481069
9.0028,0,0,0,0,1,0,0,0,0.083523112,-0.226030828,0.085987387
9.7511,0,0,0,0,1,0,0,0,0.263658835,-0.247119781,0.08578486
9.6382,0,0,0,0,1,0,0,0,0.236468537,-0.267140939,0.085632965
9.7802,0,0,0,0,1,0,0,0,0.270456409,-0.267407888,0.08578486
9.5305,0,0,0,0,1,0,0,0,0.209278239,-0.23217065,0.112062731
8.2374,0,0,0,0,1,0,0,0,-0.103410186,-0.128861476,0.334336053
8.1819,0,0,0,0,1,0,0,0,-0.117005335,-0.116314884,0.11231589
7.897,0,0,0,0,1,0,0,0,-0.188379867,-0.137403837,0.225629715
8.458,0,0,0,0,1,0,0,0,-0.04902959,-0.110175062,0.237528173
9.0006,0,0,0,0,1,0,0,0,0.080124325,-0.145946197,0.237578805
8.461,0,0,0,0,1,0,0,0,-0.04902959,-0.106170831,0.237021856
8.4921,0,0,0,0,1,0,0,0,-0.042232016,-0.101098804,0.237477541
8.3367,0,0,0,0,1,0,0,0,-0.079618675,-0.094958982,0.237325646
8.164,0,0,0,0,1,0,0,0,-0.120404122,-0.102433548,0.274489341
8.2674,0,0,0,0,1,0,0,0,-0.096612611,-0.103234394,0.288362436
8.0134,0,0,0,0,1,0,0,0,-0.157790782,-0.114446242,0.288109278
7.6101,0,0,0,0,1,0,0,0,-0.256355611,-0.132865708,0.288210541
8.649,0,0,0,0,1,0,0,0,-0.004845356,-0.092022546,0.288311805
8.9569,0,0,0,0,1,0,0,0,0.069927963,-0.071200542,0.288413068
9.2078,0,0,0,0,1,0,0,0,0.131106133,-0.059187847,0.289273808
9.1828,0,0,0,0,1,0,0,0,0.127707346,-0.064793771,0.288058646
9.0107,0,0,0,0,1,0,0,0,0.083523112,-0.070132747,0.288159909
9.0201,0,0,0,0,1,0,0,0,0.086921899,-0.080543749,0.288261173
8.7161,0,0,0,0,1,0,0,0,0.01214858,-0.148348736,0.288159909
8.8966,0,0,0,0,1,0,0,0,0.056332814,-0.177446152,0.288261173
9.507,0,0,0,0,1,0,0,0,0.205879452,0.020896784,0.288261173
9.2327,0,0,0,0,1,0,0,0,0.137903707,-0.009268427,0.287754855
9.5844,0,0,0,0,1,0,0,0,0.222873388,-0.023950609,0.288109278
10.1338,0,0,0,0,1,0,0,0,0.358824877,-0.044238716,0.288818122
10.1027,0,0,0,0,1,0,0,0,0.348628516,-0.050912435,0.2884637
9.3881,0,0,0,0,1,0,0,0,0.175290367,-0.041302279,0.288210541
8.9928,0,0,0,0,1,0,0,0,0.080124325,0.001676473,0.288261173
9.159,0,0,0,0,1,0,0,0,0.120909771,-0.029823482,0.288210541
9.1818,0,0,0,0,1,0,0,0,0.124308559,-0.075204773,0.288362436
9.1,0,0,0,0,1,0,0,0,0.107314622,-0.097361521,0.288261173
9.1506,0,0,0,0,1,0,0,0,0.117510984,-0.121119962,0.288362436
9.0461,0,0,0,0,1,0,0,0,0.093719473,-0.143810607,0.288919385
9.881,0,0,0,0,1,0,0,0,0.297646707,-0.124323347,0.288868754
10.4875,0,0,0,0,1,0,0,0,0.443794558,-0.103768292,0.289172544
10.2747,0,0,0,0,1,0,0,0,0.39281275,-0.097361521,0.288261173
10.178,0,0,0,0,1,0,0,0,0.369021239,-0.095225931,0.288058646
10.3466,0,0,0,0,1,0,0,0,0.409806686,-0.086416622,0.288362436
10.2648,0,0,0,0,1,0,0,0,0.389413962,-0.106971677,0.285932113
10.0473,0,0,0,0,1,0,0,0,0.335033367,-0.123255552,0.287957382
9.8368,0,0,0,0,1,0,0,0,0.284051558,-0.120319115,0.288210541
9.856,0,0,0,0,1,0,0,0,0.290849133,-0.131530964,0.287906751
9.7893,0,0,0,0,1,0,0,0,0.273855197,-0.136336042,0.288008014
9.6898,0,0,0,0,1,0,0,0,0.250063686,-0.148615685,0.288311805
10.2098,0,0,0,0,1,0,0,0,0.375818814,-0.129395374,0.288210541
10.7984,0,0,0,0,1,0,0,0,0.518567877,-0.137403837,0.345728193
11.4626,0,0,0,0,1,0,0,0,0.681709664,-0.073069183,0.204313754
11.1224,0,0,0,0,1,0,0,0,0.596739983,-0.116314884,0.24502167
10.9875,0,0,0,0,1,0,0,0,0.566150898,-0.134734349,0.240971131
9.9642,0,0,0,0,1,0,0,0,0.314640643,-0.129395374,0.267147739
9.5228,0,0,0,0,1,0,0,0,0.209278239,-0.153153814,0.287451065
8.4229,0,0,0,0,1,0,0,0,-0.059225952,-0.152352968,0.28760296
8.4615,0,0,0,0,1,0,0,0,-0.04902959,-0.110975908,0.288210541
8.2849,0,0,0,0,1,0,0,0,-0.093213824,-0.11284455,0.288159909
8.1111,0,0,0,0,1,0,0,0,-0.133999271,-0.090687802,0.288159909
7.6078,0,0,0,0,1,0,0,0,-0.256355611,-0.052247179,0.288008014
7.7522,0,0,0,0,1,0,0,0,-0.222367739,-0.031692124,0.288210541
7.9077,0,0,0,0,1,0,0,0,-0.184981079,-0.025819251,0.288109278
7.5792,0,0,0,0,1,0,0,0,-0.263153186,-0.052514128,0.288058646
7.6025,0,0,0,0,1,0,0,0,-0.259754398,-0.071734439,0.287957382
7.4819,0,0,0,0,1,0,0,0,-0.286944696,-0.174509716,0.288210541
8.0882,0,0,0,0,1,0,0,0,-0.140796845,-0.196132566,0.288564963
8.8748,0,0,0,0,1,0,0,0,0.049535239,-0.18652241,0.288210541
9.4017,0,0,0,0,1,0,0,0,0.178689154,-0.187323257,0.288666227
10.1173,0,0,0,0,1,0,0,0,0.352027303,-0.167302099,0.28876749
10.7113,0,0,0,0,1,0,0,0,0.498175154,-0.178780896,0.290387706
11.2215,0,0,0,0,1,0,0,0,0.623930281,-0.218823211,0.373119963
11.5021,0,0,0,0,1,0,0,0,0.691906026,-0.204407978,0.288210541
11.6779,0,0,0,0,1,0,0,0,0.732691473,-0.205742722,0.294286349
12.2193,0,0,0,0,1,0,0,0,0.865244175,-0.189458847,0.289729493
12.2408,0,0,0,0,1,0,0,0,0.868642962,-0.182518179,0.299045733
11.9944,0,0,0,0,1,0,0,0,0.810863579,-0.23430624,0.31646305
11.8619,0,0,0,0,1,0,0,0,0.776875707,-0.216153724,0.28876749
12.0937,0,0,0,0,1,0,0,0,0.83465509,-0.22789947,0.290387706
11.8459,0,0,0,0,1,0,0,0,0.773476919,-0.250056218,0.286235903
8.8748,0,0,0,0,1,0,0,0,0.049535239,-0.299975638,0.288311805
8.7096,0,0,0,0,1,0,0,0,0.01214858,-0.306382408,0.287906751
8.4954,0,0,0,0,1,0,0,0,-0.042232016,-0.321331539,0.287906751
7.8864,0,0,0,0,1,0,0,0,-0.188379867,-0.342687441,0.287856119
7.9074,0,0,0,0,1,0,0,0,-0.184981079,-0.362975547,0.288109278
8.0465,0,0,0,0,1,0,0,0,-0.150993207,-0.32773831,0.288008014
8.7477,0,0,0,0,1,0,0,0,0.018946154,-0.350695904,0.289020649
10.6611,0,0,0,0,1,0,0,0,0.484580005,-0.344289133,0.289121912
11.6146,0,0,0,0,1,0,0,0,0.719096324,-0.308517998,0.288058646
11.8293,0,0,0,0,1,0,0,0,0.770078132,-0.28636125,0.288210541
11.8204,0,0,0,0,1,0,0,0,0.766679345,-0.295971406,0.288109278
10.9718,0,0,0,0,1,0,0,0,0.562752111,-0.328539156,0.288159909
10.9822,0,0,0,0,1,0,0,0,0.562752111,-0.314390871,0.288818122
11.2605,0,0,0,0,1,0,0,0,0.630727856,-0.306115459,0.288261173
11.1131,0,0,0,0,1,0,0,0,0.596739983,-0.271412119,0.288261173
10.3155,0,0,0,0,1,0,0,0,0.403009111,-0.294102765,0.288058646
10.0101,0,0,0,0,1,0,0,0,0.328235792,-0.322933232,0.288159909
10.0082,0,0,0,0,1,0,0,0,0.328235792,-0.324801873,0.288362436
12.8748,0,0,0,0,1,0,0,0,1.024987174,-0.26687399,0.288666227
13.092,0,0,0,0,1,0,0,0,1.075968983,-0.216420673,0.288210541
11.5105,0,0,0,0,1,0,0,0,0.691906026,-0.2647384,0.288058646
11.0422,0,0,0,0,1,0,0,0,0.579746047,-0.239378267,0.287856119
11.1949,0,0,0,0,1,0,0,0,0.617132707,-0.294636662,0.288008014
11.3806,0,0,0,0,1,0,0,0,0.661316941,-0.304780715,0.288008014
10.9916,0,0,0,0,1,0,0,0,0.566150898,-0.303979869,0.288261173
11.0486,0,0,0,0,1,0,0,0,0.579746047,-0.32773831,0.287957382
11.038,0,0,0,0,1,0,0,0,0.57634726,-0.303979869,0.288058646
11.7944,0,0,0,0,1,0,0,0,0.763280558,-0.279153634,0.288514331
11.6416,0,0,0,0,1,0,0,0,0.725893898,-0.268208734,0.288261173
12.1041,0,0,0,0,1,0,0,0,0.838053877,-0.268742632,0.289121912
13.3151,0,0,0,0,1,0,0,0,1.130349579,-0.216420673,0.240566077
12.3258,0,0,0,0,1,0,0,0,0.892434472,-0.241780806,0.188516653
10.8831,0,0,0,0,1,0,0,0,0.538960601,-0.316526461,0.186288856
6.4672,0,0,0,0,1,0,0,0,-0.535056164,-0.402217017,-0.352635344
7.2044,0,0,0,0,0,1,0,0,-0.167987143,-0.204941875,0.615797874
13.0988,0,0,0,0,0,1,0,0,1.419246493,-0.005798093,0.218642536
14.1067,0,0,0,0,0,1,0,0,1.691149471,0.044655225,0.376005972
8.9522,0,0,0,0,0,1,0,0,0.301045494,-0.212950339,0.531293507
9.5917,0,0,0,0,0,1,0,0,0.474383643,-0.186255462,0.541875539
9.4163,0,0,0,0,0,1,0,0,0.426800622,-0.231102855,0.5410148
9.6157,0,0,0,0,0,1,0,0,0.481181218,-0.239912164,0.541419854
9.8291,0,0,0,0,0,1,0,0,0.538960601,-0.237242677,0.541166695
9.6474,0,0,0,0,0,1,0,0,0.487978792,-0.241246908,0.542533752
9.6996,0,0,0,0,0,1,0,0,0.504972728,-0.244717242,0.540862905
10.0555,0,0,0,0,0,1,0,0,0.600138771,-0.22789947,0.54131859
10.4975,0,0,0,0,0,1,0,0,0.719096324,-0.21268339,0.541723644
10.5819,0,0,0,0,0,1,0,0,0.742887834,-0.223895238,0.540812273
10.5169,0,0,0,0,0,1,0,0,0.722495111,-0.251124013,0.541419854
11.1982,0,0,0,0,0,1,0,0,0.906029621,-0.209480005,0.541470485
12.4017,0,0,0,0,0,1,0,0,1.232313195,-0.167835996,0.541723644
13.3442,0,0,0,0,0,1,0,0,1.48382345,-0.122187757,0.541267959
13.5435,0,0,0,0,0,1,0,0,1.538204046,-0.101098804,0.508610489
13.6832,0,0,0,0,0,1,0,0,1.575590706,-0.103234394,0.439852591
12.5,0,0,0,0,0,1,0,0,1.256104706,-0.193463078,0.439801959
13.241,0,0,0,0,0,1,0,0,1.456633153,-0.164632611,0.437422268
14.2355,0,0,0,0,0,1,0,0,1.725137344,-0.129128425,0.439903223
14.0125,0,0,0,0,0,1,0,0,1.663959174,-0.17130633,0.372512382
13.7875,0,0,0,0,0,1,0,0,1.606179791,-0.185454615,0.338589119
13.6394,0,0,0,0,0,1,0,0,1.565394344,-0.171573279,0.338589119
13.7149,0,0,0,0,0,1,0,0,1.585787067,-0.189191898,0.338892909
13.5441,0,0,0,0,0,1,0,0,1.538204046,-0.206009671,0.338842277
14.0029,0,0,0,0,0,1,0,0,1.663959174,-0.171573279,0.292007921
14.1448,0,0,0,0,0,1,0,0,1.701345833,-0.151552121,0.289071281
13.5577,0,0,0,0,0,1,0,0,1.541602833,-0.187857154,0.198845527
12.1981,0,0,0,0,0,1,0,0,1.1779326,-0.263403656,0.181377578
11.1178,0,0,0,0,0,1,0,0,0.885636898,-0.286895148,0.237578805
10.3596,0,0,0,0,0,1,0,0,0.681709664,-0.360039111,0.237072488
9.7706,0,0,0,0,0,1,0,0,0.521966664,-0.386733988,0.237123119
8.8747,0,0,0,0,0,1,0,0,0.280652771,-0.436386459,0.237325646
8.7723,0,0,0,0,0,1,0,0,0.253462473,-0.479365211,0.237275014
8.7133,0,0,0,0,0,1,0,0,0.236468537,-0.47536098,0.237528173
8.668,0,0,0,0,0,1,0,0,0.226272175,-0.472157594,0.2377307
8.15,0,0,0,0,0,1,0,0,0.086921899,-0.509530422,0.237173751
8.6694,0,0,0,0,0,1,0,0,0.226272175,-0.514068551,0.237376278
9.4364,0,0,0,0,0,1,0,0,0.433598196,-0.467352516,0.238085122
10.2232,0,0,0,0,0,1,0,0,0.644323005,-0.407822941,0.2377307
10.7168,0,0,0,0,0,1,0,0,0.776875707,-0.366445881,0.237173751
10.6431,0,0,0,0,0,1,0,0,0.756482983,-0.378191627,0.237680068
10.589,0,0,0,0,0,1,0,0,0.742887834,-0.385666193,0.237477541
10.8366,0,0,0,0,0,1,0,0,0.810863579,-0.374721293,0.236920592
9.6779,0,0,0,0,0,1,0,0,0.498175154,-0.414229711,0.237376278
9.7975,0,0,0,0,0,1,0,0,0.528764239,-0.420636482,0.237680068
9.9819,0,0,0,0,0,1,0,0,0.579746047,-0.414229711,0.23742691
10.0763,0,0,0,0,0,1,0,0,0.603537558,-0.42757715,0.237882595
10.1922,0,0,0,0,0,1,0,0,0.63752543,-0.421170379,0.237629437
10.1506,0,0,0,0,0,1,0,0,0.623930281,-0.407822941,0.237578805
10.4061,0,0,0,0,0,1,0,0,0.695304813,-0.369916215,0.237275014
10.7738,0,0,0,0,0,1,0,0,0.793869643,-0.376056037,0.237275014
11.0601,0,0,0,0,0,1,0,0,0.868642962,-0.338950158,0.237376278
10.6435,0,0,0,0,0,1,0,0,0.756482983,-0.389670424,0.237325646
10.9163,0,0,0,0,0,1,0,0,0.831256302,-0.397678887,0.237680068
10.5712,0,0,0,0,0,1,0,0,0.739489047,-0.384598398,0.236464907
7.3492,0,0,0,0,0,1,0,0,-0.130600484,-0.509797371,0.238237017
8.1392,0,0,0,0,0,1,0,0,0.083523112,-0.486572828,0.2377307
7.6735,0,0,0,0,0,1,0,0,-0.042232016,-0.507394832,0.237578805
7.3308,0,0,0,0,0,1,0,0,-0.133999271,-0.525547348,0.237528173
7.3173,0,0,0,0,0,1,0,0,-0.137398058,-0.530886324,0.237629437
8.4111,0,0,0,0,0,1,0,0,0.154897644,-0.485771982,0.23803449
9.415,0,0,0,0,0,1,0,0,0.426800622,-0.43184833,0.237021856
9.5632,0,0,0,0,0,1,0,0,0.467586069,-0.383797551,0.237528173
9.5951,0,0,0,0,0,1,0,0,0.474383643,-0.362975547,0.23742691
9.5892,0,0,0,0,0,1,0,0,0.474383643,-0.388602629,0.237781332
10.121,0,0,0,0,0,1,0,0,0.617132707,-0.382195859,0.237528173
10.2277,0,0,0,0,0,1,0,0,0.644323005,-0.364043342,0.237781332
10.2756,0,0,0,0,0,1,0,0,0.657918154,-0.377123832,0.237882595
10.2262,0,0,0,0,0,1,0,0,0.644323005,-0.391272117,0.237477541
10.0962,0,0,0,0,0,1,0,0,0.610335132,-0.391272117,0.237477541
10.2295,0,0,0,0,0,1,0,0,0.647721792,-0.385399244,0.237680068
10.5679,0,0,0,0,0,1,0,0,0.73609026,-0.378458576,0.237325646
10.5732,0,0,0,0,0,1,0,0,0.739489047,-0.385132295,0.237072488
10.4394,0,0,0,0,0,1,0,0,0.702102388,-0.38620009,0.237173751
10.1984,0,0,0,0,0,1,0,0,0.63752543,-0.391272117,0.237680068
9.5392,0,0,0,0,0,1,0,0,0.460788494,-0.412628019,0.237224383
9.3919,0,0,0,0,0,1,0,0,0.420003047,-0.419034789,0.237376278
9.557,0,0,0,0,0,1,0,0,0.464187281,-0.397411939,0.237983859
9.6344,0,0,0,0,0,1,0,0,0.484580005,-0.393407707,0.237528173
9.5659,0,0,0,0,0,1,0,0,0.467586069,-0.40355176,0.237781332
9.6411,0,0,0,0,0,1,0,0,0.487978792,-0.405420402,0.237680068
9.8579,0,0,0,0,0,1,0,0,0.545758175,-0.412094121,0.237528173
8.8848,0,0,0,0,0,1,0,0,0.284051558,-0.420636482,0.237224383
8.6338,0,0,0,0,0,1,0,0,0.216075814,-0.425708508,0.237528173
8.7475,0,0,0,0,0,1,0,0,0.246664899,-0.436920357,0.237831964
9.2787,0,0,0,0,0,1,0,0,0.389413962,-0.424106816,0.2377307
9.3641,0,0,0,0,0,1,0,0,0.413205473,-0.416899199,0.237275014
8.8874,0,0,0,0,0,1,0,0,0.284051558,-0.416899199,0.236819329
8.542,0,0,0,0,0,1,0,0,0.192284303,-0.435852562,0.237578805
9.165,0,0,0,0,0,1,0,0,0.358824877,-0.39928058,0.237882595
9.903,0,0,0,0,0,1,0,0,0.559353324,-0.365111138,0.237680068
10.2134,0,0,0,0,0,1,0,0,0.640924217,-0.349094211,0.237528173
10.4042,0,0,0,0,0,1,0,0,0.691906026,-0.317594256,0.236920592
9.3438,0,0,0,0,0,1,0,0,0.406407899,-0.364844189,0.236920592
8.592,0,0,0,0,0,1,0,0,0.205879452,-0.404619555,0.237882595
10.497,0,0,0,0,0,1,0,0,0.719096324,-0.32560272,0.237578805
10.8997,0,0,0,0,0,1,0,0,0.827857515,-0.295437509,0.237933227
11.3127,0,0,0,0,0,1,0,0,0.936618706,-0.270077375,0.237376278
10.4775,0,0,0,0,0,1,0,0,0.712298749,-0.314924769,0.237275014
9.8687,0,0,0,0,0,1,0,0,0.549156962,-0.308517998,0.23742691
10.2261,0,0,0,0,0,1,0,0,0.644323005,-0.302111228,0.211402197
11.3329,0,0,0,0,0,1,0,0,0.943416281,-0.228967265,0.394385292
10.0375,0,0,0,0,0,1,0,0,0.593341196,-0.333878131,0.540508483
10.0405,0,0,0,0,0,1,0,0,0.596739983,-0.323734078,0.540812273
9.5042,0,0,0,0,0,1,0,0,0.450592133,-0.36244165,0.541369222
9.9817,0,0,0,0,0,1,0,0,0.579746047,-0.338149312,0.541166695
9.7837,0,0,0,0,0,1,0,0,0.525365452,-0.351229801,0.541116063
9.5934,0,0,0,0,0,1,0,0,0.474383643,-0.363776394,0.541470485
10.1409,0,0,0,0,0,1,0,0,0.623930281,-0.345890826,0.505825743
10.8071,0,0,0,0,0,1,0,0,0.800667217,-0.307450203,0.389524645
10.4519,0,0,0,0,0,1,0,0,0.705501175,-0.325335771,0.389119591
9.0241,0,0,0,0,0,1,0,0,0.321438218,-0.3840645,0.393119498
7.3632,0,0,0,0,0,1,0,0,-0.127201696,-0.444661871,0.38906896
7.3338,0,0,0,0,0,1,0,0,-0.133999271,-0.448399154,0.389322118
7.4442,0,0,0,0,0,1,0,0,-0.103410186,-0.434784766,0.389018328
7.8335,0,0,0,0,0,1,0,0,0.001952218,-0.424106816,0.389575277
8.007,0,0,0,0,0,1,0,0,0.046136452,-0.420102584,0.389625909
8.2392,0,0,0,0,0,1,0,0,0.11071341,-0.416899199,0.389271487
8.5919,0,0,0,0,0,1,0,0,0.205879452,-0.391806015,0.389474013
8.9257,0,0,0,0,0,1,0,0,0.29424792,-0.369649267,0.389828436
8.5158,0,0,0,0,0,1,0,0,0.185486729,-0.37979332,0.389220855
8.4266,0,0,0,0,0,1,0,0,0.161695218,-0.399013631,0.389271487
8.4056,0,0,0,0,0,1,0,0,0.154897644,-0.406755146,0.388714537
7.6991,0,0,0,0,0,1,0,0,-0.035434441,-0.433450023,0.388866433
6.1975,0,0,0,0,0,1,0,0,-0.439890122,-0.491644855,0.389575277
5.9777,0,0,0,0,0,1,0,0,-0.497669505,-0.503924498,0.389575277
6.8209,0,0,0,0,0,1,0,0,-0.273349547,-0.46655167,0.389777804
7.5808,0,0,0,0,0,1,0,0,-0.066023526,-0.435318664,0.388866433
12.9753,0,0,0,0,0,1,0,0,1.385258621,-0.123255552,0.292818029
10.6647,0,0,0,0,0,1,0,0,0.763280558,-0.268208734,0.459193914
8.5221,0,0,0,0,0,1,0,0,0.185486729,-0.416365301,0.706023628
8.6702,0,0,0,0,0,1,0,0,0.226272175,-0.404886504,0.758427475
9.1137,0,0,0,0,0,1,0,0,0.345229728,-0.36244165,0.703036356
9.4644,0,0,0,0,0,1,0,0,0.440395771,-0.337348465,0.338386592
10.2491,0,0,0,0,0,1,0,0,0.651120579,-0.318128154,0.419296106
11.3149,0,0,0,0,0,1,0,0,0.940017494,-0.241246908,0.365018885
12.4113,0,0,0,0,0,1,0,0,1.232313195,-0.212149492,0.186947069
10.8911,0,0,0,0,0,1,0,0,0.824458728,-0.249789269,0.193630458
10.1695,0,0,0,0,0,1,0,0,0.630727856,-0.278619736,0.308210077
9.764,0,0,0,0,0,1,0,0,0.521966664,-0.289030738,0.187250859
9.8516,0,0,0,0,0,1,0,0,0.545758175,-0.308784947,0.186542015
9.7313,0,0,0,0,0,1,0,0,0.511770303,-0.311988332,0.287805487
9.4375,0,0,0,0,0,1,0,0,0.433598196,-0.325335771,0.288514331
9.5301,0,0,0,0,0,1,0,0,0.457389707,-0.344022185,0.294742035
9.4185,0,0,0,0,0,1,0,0,0.426800622,-0.342153543,0.288818122
9.2574,0,0,0,0,0,1,0,0,0.386015175,-0.356301828,0.288261173
9.0424,0,0,0,0,0,1,0,0,0.328235792,-0.363509445,0.288008014
9.1908,0,0,0,0,0,1,0,0,0.365622452,-0.362708599,0.255148017
9.1968,0,0,0,0,0,1,0,0,0.369021239,-0.354700135,0.237173751
8.5462,0,0,0,0,0,1,0,0,0.192284303,-0.366178933,0.237275014
7.7637,0,0,0,0,0,1,0,0,-0.018440505,-0.413161916,0.589975689
6.6356,0,0,0,0,0,1,0,0,-0.320932569,-0.471356748,0.758630002
6.7139,0,0,0,0,0,1,0,0,-0.300539845,-0.468954209,0.692099901
6.2966,0,0,0,0,0,1,0,0,-0.412699824,-0.485505033,0.693264431
6.683,0,0,0,0,0,1,0,0,-0.30733742,-0.46868726,0.693264431
6.8151,0,0,0,0,0,1,0,0,-0.273349547,-0.468153363,0.693416326
7.1051,0,0,0,0,0,1,0,0,-0.195177441,-0.46868726,0.620709153
7.2174,0,0,0,0,0,1,0,0,-0.164588356,-0.458009309,0.26922364
8.9535,0,0,0,0,0,1,0,0,0.301045494,-0.376589935,0.084822857
9.509,0,0,0,0,0,1,0,0,0.450592133,-0.347492519,0.03505186
9.485,0,0,0,0,0,1,0,0,0.447193345,-0.355767931,0.03505186
9.9522,0,0,0,0,0,1,0,0,0.572948473,-0.319195949,0.049988222
9.3859,0,0,0,0,0,1,0,0,0.420003047,-0.350695904,0.138543129
8.868,0,0,0,0,0,1,0,0,0.280652771,-0.387000937,0.288666227
8.9712,0,0,0,0,0,1,0,0,0.307843069,-0.369649267,0.288159909
8.5397,0,0,0,0,0,1,0,0,0.192284303,-0.392606861,0.288362436
8.4336,0,0,0,0,0,1,0,0,0.161695218,-0.390738219,0.311247981
8.7513,0,0,0,0,0,1,0,0,0.246664899,-0.391806015,0.338791646
8.7048,0,0,0,0,0,1,0,0,0.236468537,-0.393941605,0.338842277
8.5938,0,0,0,0,0,1,0,0,0.205879452,-0.390471271,0.338487855
8.4985,0,0,0,0,0,1,0,0,0.178689154,-0.404352607,0.338538487
7.7547,0,0,0,0,0,1,0,0,-0.021839292,-0.426242406,0.338994172
7.588,0,0,0,0,0,1,0,0,-0.066023526,-0.424640713,0.338842277
7.6776,0,0,0,0,0,1,0,0,-0.042232016,-0.411293275,0.338791646
8.3705,0,0,0,0,0,1,0,0,0.144701282,-0.374721293,0.339044804
8.7891,0,0,0,0,0,1,0,0,0.25686126,-0.392339912,0.339095436
8.3956,0,0,0,0,0,1,0,0,0.151498856,-0.419568687,0.540660378
8.4714,0,0,0,0,0,1,0,0,0.17189158,-0.407289043,0.642632694
8.9907,0,0,0,0,0,1,0,0,0.311241856,-0.376056037,0.677517961
8.5155,0,0,0,0,0,1,0,0,0.185486729,-0.39714499,0.794527903
8.9682,0,0,0,0,0,1,0,0,0.307843069,-0.383797551,0.571292578
9.3748,0,0,0,0,0,1,0,0,0.41660426,-0.373920447,0.356310226
9.6385,0,0,0,0,0,1,0,0,0.487978792,-0.357102674,0.259856769
7.0716,0,0,0,0,0,0,1,0,-0.365116803,-0.198802054,0.290742128
7.8146,0,0,0,0,0,0,1,0,-0.181582292,-0.047442101,0.287957382
8.45,0,0,0,0,0,0,1,0,-0.02523808,-0.068264105,0.288666227
9.0923,0,0,0,0,0,0,1,0,0.13450492,-0.092289494,0.288311805
9.5197,0,0,0,0,0,0,1,0,0.239867324,-0.128861476,0.288210541
9.6793,0,0,0,0,0,0,1,0,0.277253984,-0.123522501,0.287906751
9.5952,0,0,0,0,0,0,1,0,0.25686126,-0.120319115,0.288109278
9.5698,0,0,0,0,0,0,1,0,0.250063686,-0.118984371,0.2884637
9.6853,0,0,0,0,0,0,1,0,0.280652771,-0.133666554,0.288159909
9.4433,0,0,0,0,0,0,1,0,0.219474601,-0.154488558,0.288058646
9.3086,0,0,0,0,0,0,1,0,0.188885516,-0.156624148,0.288008014
9.0766,0,0,0,0,0,0,1,0,0.131106133,-0.160361431,0.288109278
9.0514,0,0,0,0,0,0,1,0,0.124308559,-0.16489956,0.288261173
9.213,0,0,0,0,0,0,1,0,0.165094005,-0.142742812,0.288008014
9.3099,0,0,0,0,0,0,1,0,0.188885516,-0.148348736,0.288058646
9.2299,0,0,0,0,0,0,1,0,0.168492792,-0.164365662,0.28760296
9.1393,0,0,0,0,0,0,1,0,0.144701282,-0.154488558,0.288615595
9.0606,0,0,0,0,0,0,1,0,0.127707346,-0.18652241,0.287856119
9.1947,0,0,0,0,0,0,1,0,0.158296431,-0.214552031,0.288261173
8.9709,0,0,0,0,0,0,1,0,0.103915835,-0.224696084,0.288311805
7.6907,0,0,0,0,0,0,1,0,-0.212171377,-0.251390961,0.288210541
7.8853,0,0,0,0,0,0,1,0,-0.164588356,-0.247920627,0.287704224
7.2666,0,0,0,0,0,0,1,0,-0.317533781,-0.269543478,0.288008014
7.6026,0,0,0,0,0,0,1,0,-0.232564101,-0.265539246,0.288413068
9.4809,0,0,0,0,0,0,1,0,0.229670963,-0.211081697,0.288362436
9.5607,0,0,0,0,0,0,1,0,0.250063686,-0.204941875,0.288109278
9.3326,0,0,0,0,0,0,1,0,0.192284303,-0.204407978,0.288311805
9.5457,0,0,0,0,0,0,1,0,0.246664899,-0.19533172,0.287957382
9.6837,0,0,0,0,0,0,1,0,0.280652771,-0.190259693,0.288058646
7.4973,0,0,0,0,0,0,1,0,-0.259754398,-0.222560494,0.287906751
7.5531,0,0,0,0,0,0,1,0,-0.24615925,-0.188124103,0.288261173
7.7767,0,0,0,0,0,0,1,0,-0.191778654,-0.196399515,0.287957382
8.0803,0,0,0,0,0,0,1,0,-0.117005335,-0.191060539,0.285932113
6.9,0,0,0,0,0,0,1,0,-0.405902249,-0.223895238,0.389220855
6.7759,0,0,0,0,0,0,1,0,-0.436491334,-0.233772343,0.389524645
6.7405,0,0,0,0,0,0,1,0,-0.446687696,-0.238844369,0.389119591
6.7838,0,0,0,0,0,0,1,0,-0.436491334,-0.244450293,0.389727172
6.627,0,0,0,0,0,0,1,0,-0.473877994,-0.252458757,0.389119591
6.465,0,0,0,0,0,0,1,0,-0.514663441,-0.266073144,0.389575277
6.4181,0,0,0,0,0,0,1,0,-0.524859802,-0.272746863,0.389322118
6.3826,0,0,0,0,0,0,1,0,-0.535056164,-0.273814658,0.380056511
6.6625,0,0,0,0,0,0,1,0,-0.463681632,-0.261535015,0.288008014
6.8644,0,0,0,0,0,0,1,0,-0.416098611,-0.242047754,0.297172358
7.0495,0,0,0,0,0,0,1,0,-0.36851559,-0.228700316,0.287754855
7.327,0,0,0,0,0,0,1,0,-0.300539845,-0.244717242,0.288159909
7.1999,0,0,0,0,0,0,1,0,-0.33112893,-0.247119781,0.288109278
6.9282,0,0,0,0,0,0,1,0,-0.399104675,-0.258064681,0.288058646
6.7981,0,0,0,0,0,0,1,0,-0.433092547,-0.251390961,0.288261173
8.0321,0,0,0,0,0,0,1,0,-0.127201696,-0.226297777,0.288868754
8.994,0,0,0,0,0,0,1,0,0.11071341,-0.218022365,0.287957382
8.2872,0,0,0,0,0,0,1,0,-0.066023526,-0.23430624,0.288159909
8.5354,0,0,0,0,0,0,1,0,-0.004845356,-0.223628289,0.288362436
8.6697,0,0,0,0,0,0,1,0,0.029142516,-0.223628289,0.287754855
8.6423,0,0,0,0,0,0,1,0,0.022344942,-0.215352877,0.288159909
8.8819,0,0,0,0,0,0,1,0,0.083523112,-0.207878312,0.288514331
9.4286,0,0,0,0,0,0,1,0,0.216075814,-0.208145261,0.288261173
9.914,0,0,0,0,0,0,1,0,0.335033367,-0.235374035,0.288159909
8.6128,0,0,0,0,0,0,1,0,0.015547367,-0.272746863,0.287754855
7.9839,0,0,0,0,0,0,1,0,-0.140796845,-0.307717152,0.288109278
8.204,0,0,0,0,0,0,1,0,-0.08641625,-0.291433277,0.288261173
8.6491,0,0,0,0,0,0,1,0,0.025743729,-0.274081607,0.2884637
8.9448,0,0,0,0,0,0,1,0,0.097118261,-0.274615504,0.288362436
8.9144,0,0,0,0,0,0,1,0,0.090320686,-0.281289224,0.288159909
9.6764,0,0,0,0,0,0,1,0,0.277253984,-0.290098533,0.288362436
10.9828,0,0,0,0,0,0,1,0,0.600138771,-0.260734168,0.150796009
11.2436,0,0,0,0,0,0,1,0,0.664715728,-0.221492699,0.034899965
10.6164,0,0,0,0,0,0,1,0,0.508371515,-0.24952232,0.176111877
10.4179,0,0,0,0,0,0,1,0,0.460788494,-0.254060449,0.186795173
10.4605,0,0,0,0,0,0,1,0,0.470984856,-0.259933322,0.249173472
10.3009,0,0,0,0,0,0,1,0,0.433598196,-0.267941785,0.287805487
10.6147,0,0,0,0,0,0,1,0,0.508371515,-0.2647384,0.288615595
11.0359,0,0,0,0,0,0,1,0,0.61373392,-0.255395193,0.288311805
11.3466,0,0,0,0,0,0,1,0,0.688507239,-0.250857064,0.288210541
11.3919,0,0,0,0,0,0,1,0,0.702102388,-0.254861295,0.287856119
9.3772,0,0,0,0,0,0,1,0,0.205879452,-0.33841626,0.288159909
8.8266,0,0,0,0,0,0,1,0,0.069927963,-0.346958621,0.288008014
8.4481,0,0,0,0,0,0,1,0,-0.02523808,-0.370450113,0.287856119
8.6648,0,0,0,0,0,0,1,0,0.029142516,-0.370183164,0.288666227
10.4487,0,0,0,0,0,0,1,0,0.467586069,-0.320797642,0.288362436
11.1473,0,0,0,0,0,0,1,0,0.640924217,-0.294102765,0.288362436
11.0776,0,0,0,0,0,0,1,0,0.623930281,-0.279420582,0.288109278
10.9683,0,0,0,0,0,0,1,0,0.596739983,-0.149149583,0.288210541
10.8747,0,0,0,0,0,0,1,0,0.572948473,-0.189992744,0.287957382
10.7546,0,0,0,0,0,0,1,0,0.542359388,-0.284492609,0.287906751
10.6403,0,0,0,0,0,0,1,0,0.51516909,-0.298373945,0.28760296
10.7081,0,0,0,0,0,0,1,0,0.532163026,-0.318662052,0.288109278
11.2124,0,0,0,0,0,0,1,0,0.657918154,-0.306115459,0.288261173
11.5011,0,0,0,0,0,0,1,0,0.729292685,-0.281289224,0.288159909
11.08,0,0,0,0,0,0,1,0,0.623930281,-0.273547709,0.288210541
11.2329,0,0,0,0,0,0,1,0,0.661316941,-0.2756833,0.288210541
11.1235,0,0,0,0,0,0,1,0,0.634126643,-0.262869759,0.287349802
10.9726,0,0,0,0,0,0,1,0,0.596739983,-0.285026506,0.288058646
10.18,0,0,0,0,0,0,1,0,0.403009111,-0.333344234,0.289020649
9.954,0,0,0,0,0,0,1,0,0.345229728,-0.333077285,0.288210541
10.0969,0,0,0,0,0,0,1,0,0.382616388,-0.310119691,0.288159909
9.9488,0,0,0,0,0,0,1,0,0.345229728,-0.319195949,0.288261173
10.0986,0,0,0,0,0,0,1,0,0.382616388,-0.315191717,0.288413068
10.6853,0,0,0,0,0,0,1,0,0.525365452,-0.338950158,0.288514331
11.5708,0,0,0,0,0,0,1,0,0.746286622,-0.317861205,0.287552328
13.0298,0,0,0,0,0,0,1,0,1.106558068,-0.23857742,0.205377021
13.3914,0,0,0,0,0,0,1,0,1.194926536,-0.187590205,0.138846919
13.0141,0,0,0,0,0,0,1,0,1.099760493,-0.082145441,0.13596091
13.6925,0,0,0,0,0,0,1,0,1.269699855,-0.029289585,0.136416596
9.061,0,0,0,0,0,0,1,0,0.127707346,-0.064259874,0.064114477
8.1357,0,0,0,0,0,0,1,0,-0.103410186,-0.091221699,0.035305019
8.3953,0,0,0,0,0,0,1,0,-0.038833229,-0.074670876,0.034697438
8.4643,0,0,0,0,0,0,1,0,-0.021839292,-0.122721654,0.035001228
8.5168,0,0,0,0,0,0,1,0,-0.008244143,-0.133132656,0.034849333
8.5771,0,0,0,0,0,0,1,0,0.005351005,-0.143810607,0.035355651
8.5818,0,0,0,0,0,0,1,0,0.008749793,-0.107238626,0.034545543
8.6146,0,0,0,0,0,0,1,0,0.015547367,-0.146747044,0.034950597
8.5555,0,0,0,0,0,0,1,0,0.001952218,-0.161162277,0.03505186
9.617,0,0,0,0,0,0,1,0,0.263658835,-0.163297867,0.035001228
8.9548,0,0,0,0,0,0,1,0,0.100517048,-0.186255462,0.034494911
8.2577,0,0,0,0,0,0,1,0,-0.072821101,-0.212416441,0.035355651
8.466,0,0,0,0,0,0,1,0,-0.021839292,-0.206009671,0.034950597
8.0366,0,0,0,0,0,0,1,0,-0.127201696,-0.246051986,0.034798701
11.3276,0,0,0,0,0,0,1,0,0.685108451,-0.182518179,0.036874603
13.5594,0,0,0,0,0,0,1,0,1.235711983,-0.13019622,0.034849333
13.8853,0,0,0,0,0,0,1,0,1.317282876,-0.083747134,0.03474807
10.3727,0,0,0,0,0,0,1,0,0.450592133,-0.175310562,0.035153124
10.7788,0,0,0,0,0,0,1,0,0.549156962,-0.124590296,0.035102492
10.6548,0,0,0,0,0,0,1,0,0.518567877,-0.144878402,0.034697438
10.5505,0,0,0,0,0,0,1,0,0.494776367,-0.152619917,0.034444279
9.9421,0,0,0,0,0,0,1,0,0.345229728,-0.181717332,0.034950597
9.7909,0,0,0,0,0,0,1,0,0.307843069,-0.193463078,0.035102492
9.8945,0,0,0,0,0,0,1,0,0.33163458,-0.184920718,0.034950597
9.4238,0,0,0,0,0,0,1,0,0.216075814,-0.203607132,0.034798701
8.9419,0,0,0,0,0,0,1,0,0.097118261,-0.240446062,0.035102492
8.6462,0,0,0,0,0,0,1,0,0.022344942,-0.250857064,0.03505186
8.4822,0,0,0,0,0,0,1,0,-0.015041718,-0.25165791,0.035001228
8.4163,0,0,0,0,0,0,1,0,-0.032035654,-0.256996886,0.035305019
8.3061,0,0,0,0,0,0,1,0,-0.059225952,-0.257530783,0.035406282
8.2748,0,0,0,0,0,0,1,0,-0.066023526,-0.258331629,0.03505186
8.2687,0,0,0,0,0,0,1,0,-0.069422314,-0.20387408,0.034545543
8.3945,0,0,0,0,0,0,1,0,-0.038833229,-0.24952232,0.035254387
8.8333,0,0,0,0,0,0,1,0,0.069927963,-0.254861295,0.035456914
9.6829,0,0,0,0,0,0,1,0,0.280652771,-0.230302009,0.035254387
10.16,0,0,0,0,0,0,1,0,0.396211537,-0.179047845,0.035153124
10.1635,0,0,0,0,0,0,1,0,0.399610324,-0.183052076,0.035203755
10.0685,0,0,0,0,0,0,1,0,0.375818814,-0.122187757,0.035001228
9.8872,0,0,0,0,0,0,1,0,0.33163458,0.069748409,0.034697438
9.9089,0,0,0,0,0,0,1,0,0.335033367,0.035845915,0.035355651
10.3948,0,0,0,0,0,0,1,0,0.45399092,0.001676473,0.034950597
10.5162,0,0,0,0,0,0,1,0,0.484580005,0.05640097,0.034545543
10.3989,0,0,0,0,0,0,1,0,0.457389707,0.003278165,0.03474807
9.5376,0,0,0,0,0,0,1,0,0.243266112,-0.087751365,0.03474807
9.1261,0,0,0,0,0,0,1,0,0.141302495,-0.122454705,0.034798701
8.9524,0,0,0,0,0,0,1,0,0.100517048,-0.097361521,0.03505186
8.7987,0,0,0,0,0,0,1,0,0.063130388,-0.096293726,0.034646806
11.7573,0,0,0,0,0,0,1,0,0.790470856,-0.038098894,0.178289042
14.9506,0,0,0,0,0,0,1,0,1.578989493,0.076422128,0.390334753
15.7519,0,0,0,0,0,0,1,0,1.776119152,0.10632039,0.035305019
15.3601,0,0,0,0,0,0,1,0,1.68095311,0.052930636,0.445320818
14.1502,0,0,0,0,0,0,1,0,1.381859834,-0.013272659,0.436207106
11.9131,0,0,0,0,0,0,1,0,0.831256302,-0.116581833,0.665771398
14.0382,0,0,0,0,0,0,1,0,1.354669536,0.015824757,0.414131669
14.3315,0,0,0,0,0,0,1,0,1.426044068,0.042252686,0.288008014
14.6796,0,0,0,0,0,0,1,0,1.511013748,0.016625604,0.288514331
12.4145,0,0,0,0,0,0,1,0,0.953612643,-0.04984464,0.287046011
10.715,0,0,0,0,0,0,1,0,0.535561813,-0.120586064,0.288058646
11.4029,0,0,0,0,0,0,1,0,0.705501175,-0.101098804,0.261274457
13.0625,0,0,0,0,0,0,1,0,1.113355642,0.033977274,0.19282035
12.9806,0,0,0,0,0,0,1,0,1.092962919,-0.063192079,0.136112806
12.2981,0,0,0,0,0,0,1,0,0.926422345,-0.044772613,0.182238317
11.1073,0,0,0,0,0,0,1,0,0.630727856,-0.159293636,0.389828436
11.2471,0,0,0,0,0,0,1,0,0.664715728,-0.170238535,0.389524645
10.6832,0,0,0,0,0,0,1,0,0.525365452,-0.173174972,0.38851201
10.3376,0,0,0,0,0,0,1,0,0.440395771,-0.18438682,0.389524645
10.6091,0,0,0,0,0,0,1,0,0.508371515,-0.180382589,0.389423382
10.4486,0,0,0,0,0,0,1,0,0.467586069,-0.189458847,0.389524645
11.5506,0,0,0,0,0,0,1,0,0.739489047,-0.164098714,0.340057439
13.3889,0,0,0,0,0,0,1,0,1.194926536,-0.061056488,0.156213605
13.5018,0,0,0,0,0,0,1,0,1.222116834,-0.026086199,0.03474807
12.5832,0,0,0,0,0,0,1,0,0.994398089,-0.047175152,0.034697438
12.1179,0,0,0,0,0,0,1,0,0.878839324,-0.10403524,0.035102492
11.6245,0,0,0,0,0,0,1,0,0.75988177,-0.127259783,0.038393555
8.8388,0,0,0,0,0,0,0,1,-0.881732462,-0.395276349,-0.424633673
18.2779,0,0,0,0,0,0,0,1,0.430199409,-0.354433187,0.224465185
21.0483,0,0,0,0,0,0,0,1,0.814262366,-0.252725705,0.034545543
19.6115,0,0,0,0,0,0,0,1,0.617132707,-0.285026506,0.034697438
18.272,0,0,0,0,0,0,0,1,0.430199409,-0.308784947,0.034950597
18.2489,0,0,0,0,0,0,0,1,0.426800622,-0.317861205,0.035355651
17.8352,0,0,0,0,0,0,0,1,0.369021239,-0.333344234,0.034849333
19.0209,0,0,0,0,0,0,0,1,0.532163026,-0.311988332,0.035102492
19.0197,0,0,0,0,0,0,0,1,0.532163026,-0.294102765,0.034899965
18.9392,0,0,0,0,0,0,0,1,0.521966664,-0.301844279,0.03474807
18.8995,0,0,0,0,0,0,0,1,0.51516909,-0.296772252,0.03505186
18.7841,0,0,0,0,0,0,0,1,0.501573941,-0.326937463,0.03505186
18.7748,0,0,0,0,0,0,0,1,0.498175154,-0.311454435,0.034798701
17.7244,0,0,0,0,0,0,0,1,0.352027303,-0.335212875,0.035659441
18.3543,0,0,0,0,0,0,0,1,0.440395771,-0.325068822,0.03505186
18.1085,0,0,0,0,0,0,0,1,0.406407899,-0.328806105,0.035254387
18.0954,0,0,0,0,0,0,0,1,0.406407899,-0.325068822,0.035153124
18.1654,0,0,0,0,0,0,0,1,0.413205473,-0.32560272,0.035153124
18.2521,0,0,0,0,0,0,0,1,0.426800622,-0.323200181,0.034950597
17.0396,0,0,0,0,0,0,0,1,0.25686126,-0.345356929,0.035153124
16.0279,0,0,0,0,0,0,0,1,0.117510984,-0.335212875,0.035355651
15.9307,0,0,0,0,0,0,0,1,0.103915835,-0.365911984,0.035001228
17.3257,0,0,0,0,0,0,0,1,0.297646707,-0.310653588,0.035254387
17.3567,0,0,0,0,0,0,0,1,0.301045494,-0.333344234,0.034798701
17.0512,0,0,0,0,0,0,0,1,0.260260048,-0.338149312,0.03505186
17.1491,0,0,0,0,0,0,0,1,0.273855197,-0.344022185,0.03474807
16.3868,0,0,0,0,0,0,0,1,0.168492792,-0.356034879,0.03474807
16.6771,0,0,0,0,0,0,0,1,0.209278239,-0.354967084,0.035102492
17.2159,0,0,0,0,0,0,0,1,0.284051558,-0.321331539,0.035355651
18.1324,0,0,0,0,0,0,0,1,0.409806686,-0.250857064,0.035406282
16.1562,0,0,0,0,0,0,0,1,0.13450492,-0.301043433,0.034899965
15.8973,0,0,0,0,0,0,0,1,0.100517048,-0.368047574,0.035254387
16.1155,0,0,0,0,0,0,0,1,0.131106133,-0.367246728,0.035203755
15.8773,0,0,0,0,0,0,0,1,0.097118261,-0.385666193,0.035001228
15.7575,0,0,0,0,0,0,0,1,0.080124325,-0.392339912,0.035355651
15.604,0,0,0,0,0,0,0,1,0.059731601,-0.39287381,0.034444279
15.5746,0,0,0,0,0,0,0,1,0.056332814,-0.340818799,0.035254387
15.4094,0,0,0,0,0,0,0,1,0.032541303,-0.405420402,0.034849333
15.5269,0,0,0,0,0,0,0,1,0.049535239,-0.400882273,0.035001228
15.6243,0,0,0,0,0,0,0,1,0.063130388,-0.401149221,0.035254387
15.6916,0,0,0,0,0,0,0,1,0.069927963,-0.39928058,0.034444279
15.4388,0,0,0,0,0,0,0,1,0.035940091,-0.383263654,0.034950597
14.9229,0,0,0,0,0,0,0,1,-0.035434441,-0.391806015,0.03505186
15.3022,0,0,0,0,0,0,0,1,0.015547367,-0.397945836,0.035305019
15.6912,0,0,0,0,0,0,0,1,0.069927963,-0.380861115,0.034899965
15.4773,0,0,0,0,0,0,0,1,0.042737665,-0.396344144,0.034899965
16.9401,0,0,0,0,0,0,0,1,0.243266112,-0.370450113,0.035355651
17.0718,0,0,0,0,0,0,0,1,0.263658835,-0.360839957,0.034798701
17.0586,0,0,0,0,0,0,0,1,0.260260048,-0.352564545,0.034646806
17.8056,0,0,0,0,0,0,0,1,0.365622452,-0.315458666,0.035305019
18.1804,0,0,0,0,0,0,0,1,0.41660426,-0.324801873,0.034798701
17.0693,0,0,0,0,0,0,0,1,0.263658835,-0.203073234,0.034343016
16.7403,0,0,0,0,0,0,0,1,0.216075814,-0.230568957,0.034899965
16.5473,0,0,0,0,0,0,0,1,0.188885516,-0.359238265,0.035203755
16.5257,0,0,0,0,0,0,0,1,0.185486729,-0.353098443,0.034950597
16.4181,0,0,0,0,0,0,0,1,0.17189158,-0.329606951,0.034798701
16.3751,0,0,0,0,0,0,0,1,0.165094005,-0.365378086,0.035203755
16.4039,0,0,0,0,0,0,0,1,0.168492792,-0.364844189,0.034545543
15.9216,0,0,0,0,0,0,0,1,0.103915835,-0.305314613,0.035203755
15.7859,0,0,0,0,0,0,0,1,0.083523112,-0.379526371,0.035102492
15.8653,0,0,0,0,0,0,0,1,0.093719473,-0.354433187,0.035305019
15.7474,0,0,0,0,0,0,0,1,0.080124325,-0.383263654,0.035153124
15.652,0,0,0,0,0,0,0,1,0.066529176,-0.373920447,0.035456914
15.3082,0,0,0,0,0,0,0,1,0.018946154,-0.386467039,0.034798701
17.2584,0,0,0,0,0,0,0,1,0.287450346,-0.372051806,0.035456914
18.2719,0,0,0,0,0,0,0,1,0.430199409,-0.341619646,0.035102492
16.9135,0,0,0,0,0,0,0,1,0.239867324,-0.374454344,0.034241752
15.2788,0,0,0,0,0,0,0,1,0.01214858,-0.35363234,0.03505186
15.5785,0,0,0,0,0,0,0,1,0.056332814,-0.413962762,0.03505186
16.458,0,0,0,0,0,0,0,1,0.178689154,-0.396344144,0.034950597
15.6009,0,0,0,0,0,0,0,1,0.059731601,-0.376056037,0.034899965
15.395,0,0,0,0,0,0,0,1,0.029142516,-0.086149673,0.03505186
15.9148,0,0,0,0,0,0,0,1,0.100517048,-0.039700587,0.035153124
15.8811,0,0,0,0,0,0,0,1,0.097118261,-0.05411582,0.03474807
16.0205,0,0,0,0,0,0,0,1,0.117510984,-0.08454798,0.035355651
16.2495,0,0,0,0,0,0,0,1,0.148100069,-0.085081878,0.034646806
16.2106,0,0,0,0,0,0,0,1,0.144701282,0.02169763,0.035001228
15.9365,0,0,0,0,0,0,0,1,0.103915835,-0.100831855,0.034950597
15.8811,0,0,0,0,0,0,0,1,0.097118261,-0.104569138,0.034899965
15.5739,0,0,0,0,0,0,0,1,0.056332814,-0.11284455,0.034950597
15.7379,0,0,0,0,0,0,0,1,0.076725537,-0.129128425,0.035305019
15.8479,0,0,0,0,0,0,0,1,0.093719473,-0.143543658,0.034393648
15.8745,0,0,0,0,0,0,0,1,0.097118261,-0.159560585,0.034950597
15.6223,0,0,0,0,0,0,0,1,0.059731601,-0.169437689,0.034393648
12.9136,0,0,0,0,0,0,0,1,-0.314134994,-0.204674927,0.034849333
12.6971,0,0,0,0,0,0,0,1,-0.344724079,-0.222293546,0.034950597
13.4685,0,0,0,0,0,0,0,1,-0.239361675,-0.224696084,0.034950597
13.5229,0,0,0,0,0,0,0,1,-0.229165313,-0.218823211,0.034950597
13.6722,0,0,0,0,0,0,0,1,-0.20877259,-0.246051986,0.034899965
13.737,0,0,0,0,0,0,0,1,-0.201975016,-0.254861295,0.034545543
13.4184,0,0,0,0,0,0,0,1,-0.24615925,-0.273547709,0.035001228
13.3433,0,0,0,0,0,0,0,1,-0.256355611,-0.294903611,0.035153124
13.7414,0,0,0,0,0,0,0,1,-0.198576228,-0.302912074,0.03505186
13.9776,0,0,0,0,0,0,0,1,-0.167987143,-0.297039201,0.034596174
12.9786,0,0,0,0,0,0,0,1,-0.30733742,-0.303979869,0.035203755
13.0964,0,0,0,0,0,0,0,1,-0.290343484,-0.314924769,0.034646806
13.1253,0,0,0,0,0,0,0,1,-0.286944696,-0.335746773,0.034697438
12.5655,0,0,0,0,0,0,0,1,-0.361718015,-0.296505304,0.034798701
12.0091,0,0,0,0,0,0,0,1,-0.439890122,-0.243382498,0.035001228
12.0911,0,0,0,0,0,0,0,1,-0.42969376,-0.209480005,0.035406282
13.9665,0,0,0,0,0,0,0,1,-0.167987143,-0.199335951,0.035254387
15.6737,0,0,0,0,0,0,0,1,0.069927963,-0.233505394,0.035254387
16.6912,0,0,0,0,0,0,0,1,0.209278239,-0.22122575,0.035254387
14.9446,0,0,0,0,0,0,0,1,-0.032035654,-0.235907933,0.035001228
13.8096,0,0,0,0,0,0,0,1,-0.191778654,-0.239645216,0.035355651
13.635,0,0,0,0,0,0,0,1,-0.215570164,-0.258865527,0.034849333
13.5978,0,0,0,0,0,0,0,1,-0.218968952,-0.268742632,0.035153124
14.6251,0,0,0,0,0,0,0,1,-0.076219888,-0.259933322,0.035355651
15.6354,0,0,0,0,0,0,0,1,0.063130388,-0.266340093,0.034241752
11.7402,0,0,0,0,0,0,0,1,-0.477276781,-0.289297687,0.03505186
11.3946,0,0,0,0,0,0,0,1,-0.524859802,-0.338950158,0.034798701
11.3007,0,0,0,0,0,0,0,1,-0.538454951,-0.339751004,0.03505186
11.3765,0,0,0,0,0,0,0,1,-0.52825859,-0.32106459,0.034798701
10.5143,0,0,0,0,0,0,0,1,-0.647216143,-0.229768111,-0.101046247
17.6901,0,0,0,0,0,0,0,1,0.348628516,-0.205742722,0.274134918
13.8178,0,0,0,0,0,0,0,1,-0.188379867,-0.307984101,0.077126833
11.9456,0,0,0,0,0,0,0,1,-0.450086483,-0.392606861,-0.065705295
12.5337,0,0,0,0,0,0,0,1,-0.36851559,-0.411026326,0.327146346
12.5304,0,0,0,0,0,0,0,1,-0.36851559,-0.467619465,0.440055118
12.3737,0,0,0,0,0,0,0,1,-0.388908313,-0.473759287,0.440358908
13.4924,0,0,0,0,0,0,0,1,-0.235962888,-0.495382137,0.47073795
13.0376,0,0,0,0,0,0,0,1,-0.297141058,-0.492979598,0.16218815
12.0272,0,0,0,0,0,0,0,1,-0.436491334,-0.491377906,-0.015883667
12.205,0,0,0,0,0,0,0,1,-0.412699824,-0.497784676,-0.108235953
12.133,0,0,0,0,0,0,0,1,-0.422896185,-0.500721113,-0.095932441
11.8767,0,0,0,0,0,0,0,1,-0.460282845,-0.502589754,-0.065958454
11.8961,0,0,0,0,0,0,0,1,-0.456884058,-0.507127883,-0.058110534
11.937,0,0,0,0,0,0,0,1,-0.450086483,-0.509797371,-0.01568114
12.1762,0,0,0,0,0,0,0,1,-0.416098611,-0.507127883,-0.015579876
12.2409,0,0,0,0,0,0,0,1,-0.409301037,-0.50125501,-0.015782403
12.3919,0,0,0,0,0,0,0,1,-0.388908313,-0.509530422,-0.015782403
12.498,0,0,0,0,0,0,0,1,-0.371914377,-0.510865166,-0.013301448
1.5612,0,0,0,0,0,0,0,2,-1.813000162,0.283841323,-2.80189495
10.7257,0,0,0,0,0,0,0,2,-0.069422314,-0.486572828,0.186845805
8.5355,0,0,0,0,0,0,0,2,-0.484074356,-0.440390691,0.262540251
8.4618,0,0,0,0,0,0,0,2,-0.497669505,-0.409424633,0.237578805
8.4268,0,0,0,0,0,0,0,2,-0.504467079,-0.392339912,0.2377307
8.4947,0,0,0,0,0,0,0,2,-0.49087193,-0.395543297,0.237325646
8.4686,0,0,0,0,0,0,0,2,-0.497669505,-0.380060269,0.237224383
8.8651,0,0,0,0,0,0,0,2,-0.422896185,-0.402750914,0.237983859
9.5078,0,0,0,0,0,0,0,2,-0.300539845,-0.392606861,0.237882595
10.013,0,0,0,0,0,0,0,2,-0.201975016,-0.379259422,0.237477541
10.2232,0,0,0,0,0,0,0,2,-0.164588356,-0.376322986,0.237477541
10.1929,0,0,0,0,0,0,0,2,-0.167987143,-0.44279323,0.237528173
11.2758,0,0,0,0,0,0,0,2,0.035940091,-0.416098353,0.238085122
12.2134,0,0,0,0,0,0,0,2,0.216075814,-0.356301828,0.237376278
12.2332,0,0,0,0,0,0,0,2,0.219474601,-0.377390781,0.237629437
13.7649,0,0,0,0,0,0,0,2,0.511770303,-0.373119601,0.238439544
16.8828,0,0,0,0,0,0,0,2,1.103159281,-0.314390871,0.244667248
17.686,0,0,0,0,0,0,0,2,1.256104706,-0.23857742,0.237781332
16.6509,0,0,0,0,0,0,0,2,1.058975047,-0.298640894,0.237477541
16.1691,0,0,0,0,0,0,0,2,0.967207791,-0.305314613,0.237224383
16.0821,0,0,0,0,0,0,0,2,0.950213855,-0.321598488,0.237528173
16.3595,0,0,0,0,0,0,0,2,1.004594451,-0.314390871,0.237528173
16.2998,0,0,0,0,0,0,0,2,0.990999302,-0.306382408,0.237528173
17.0857,0,0,0,0,0,0,0,2,1.14054594,-0.307717152,0.237224383
17.4089,0,0,0,0,0,0,0,2,1.205122898,-0.283958711,0.237123119
17.2564,0,0,0,0,0,0,0,2,1.174533813,-0.292768021,0.237528173
17.4032,0,0,0,0,0,0,0,2,1.20172411,-0.281556172,0.237629437
16.994,0,0,0,0,0,0,0,2,1.123552004,-0.309051896,0.237325646
17.7182,0,0,0,0,0,0,0,2,1.26290228,-0.25165791,0.237629437
17.3163,0,0,0,0,0,0,0,2,1.184730174,-0.317060359,0.237882595
17.4238,0,0,0,0,0,0,0,2,1.205122898,-0.337882363,0.237477541
18.037,0,0,0,0,0,0,0,2,1.324080451,-0.322399334,0.23742691
17.5182,0,0,0,0,0,0,0,2,1.225515621,-0.331475592,0.237629437
17.6344,0,0,0,0,0,0,0,2,1.245908344,-0.341619646,0.2377307
17.3177,0,0,0,0,0,0,0,2,1.184730174,-0.29303497,0.237325646
16.861,0,0,0,0,0,0,0,2,1.099760493,-0.360573008,0.237528173
15.778,0,0,0,0,0,0,0,2,0.892434472,-0.352564545,0.237680068
15.3049,0,0,0,0,0,0,0,2,0.804066004,-0.398212785,0.237275014
14.0232,0,0,0,0,0,0,0,2,0.559353324,-0.434250869,0.237325646
14.1571,0,0,0,0,0,0,0,2,0.583144835,-0.449466949,0.237578805
15.6496,0,0,0,0,0,0,0,2,0.868642962,-0.405153453,0.237781332
16.1232,0,0,0,0,0,0,0,2,0.960410217,-0.394208553,0.237477541
15.6473,0,0,0,0,0,0,0,2,0.868642962,-0.448399154,0.23742691
14.6332,0,0,0,0,0,0,0,2,0.67491209,-0.46868726,0.237578805
14.5936,0,0,0,0,0,0,0,2,0.668114515,-0.475894877,0.237123119
14.2776,0,0,0,0,0,0,0,2,0.606936345,-0.499920266,0.222541179
14.5683,0,0,0,0,0,0,0,2,0.664715728,-0.50792873,0.186744542
14.6323,0,0,0,0,0,0,0,2,0.67491209,-0.490043162,0.187098964
14.7913,0,0,0,0,0,0,0,2,0.705501175,-0.447598307,0.187250859
15.3765,0,0,0,0,0,0,0,2,0.817661153,-0.406488197,0.187048332
15.3143,0,0,0,0,0,0,0,2,0.804066004,-0.417433096,0.186845805
16.0032,0,0,0,0,0,0,0,2,0.936618706,-0.397411939,0.187301491
16.335,0,0,0,0,0,0,0,2,0.997796877,-0.373119601,0.186845805
15.7753,0,0,0,0,0,0,0,2,0.892434472,-0.372051806,0.187048332
16.0815,0,0,0,0,0,0,0,2,0.950213855,-0.355234033,0.186795173
15.9749,0,0,0,0,0,0,0,2,0.929821132,-0.399547529,0.186542015
15.4988,0,0,0,0,0,0,0,2,0.841452664,-0.385399244,0.18669391
15.6638,0,0,0,0,0,0,0,2,0.872041749,-0.328005258,0.187352123
16.0445,0,0,0,0,0,0,0,2,0.943416281,-0.290899379,0.187200227
15.9426,0,0,0,0,0,0,0,2,0.923023558,-0.267140939,0.1869977
15.5531,0,0,0,0,0,0,0,2,0.851649026,-0.266340093,0.187048332
15.8356,0,0,0,0,0,0,0,2,0.902630834,-0.285026506,0.186542015
15.9594,0,0,0,0,0,0,0,2,0.926422345,-0.285026506,0.187048332
16.01,0,0,0,0,0,0,0,2,0.936618706,-0.29517056,0.186845805
16.1164,0,0,0,0,0,0,0,2,0.95701143,-0.293835816,0.186896437
15.8434,0,0,0,0,0,0,0,2,0.906029621,-0.298373945,0.187048332
17.064,0,0,0,0,0,0,0,2,1.137147153,-0.259933322,0.186542015
17.2727,0,0,0,0,0,0,0,2,1.1779326,-0.321331539,0.187250859
17.638,0,0,0,0,0,0,0,2,1.245908344,-0.281556172,0.187149596
17.5278,0,0,0,0,0,0,0,2,1.225515621,-0.293835816,0.096164366
17.9357,0,0,0,0,0,0,0,2,1.303687727,-0.328272207,0.08578486
18.368,0,0,0,0,0,0,0,2,1.385258621,-0.291967175,0.122087815
18.4824,0,0,0,0,0,0,0,2,1.409050131,-0.28636125,0.198845527
