deprate,kerfeed,kertemp,waterph,waterlev,brinelev
0,0,28.7798,0,0,45.0665
0,0,30.8833,0,0,36.4707
2.0789,1.4568,29.9759,0,0,27.8749
6.8048,4.7686,32.2961,0,29.5534,20.6111
6.9246,4.8525,31.5631,11,35.1195,30.6069
6.9667,4.8821,32.0333,11,42.6689,58.0214
7.1494,5.0101,30.8352,11,30.9678,54.9784
7.1572,5.0156,28.6146,13,26.8777,61.0175
7.2385,5.0725,28.2381,13,26.5947,61.6175
7.2252,5.0632,28.8327,13,27.4008,59.7742
7.1083,4.9813,34.4579,13,28.2698,57.0193
7.6518,5.3621,35.1114,13,27.2383,55.7841
9.3866,6.5778,37.5696,13,23.5512,59.0598
13.655,9.569,37.5173,12.3,33.9229,59.6462
13.9102,9.7478,37.4317,11.8,41.9358,58.7613
14.0459,9.8429,37.3246,12.3,37.2632,58.984
14.5975,10.2295,37.1751,11.3,40.4806,57.9628
14.9435,10.4719,37.6306,11.4,39.945,58.9575
14.7221,10.3168,36.7701,11.7,32.3981,58.85
14.8067,10.3761,36.4218,11.7,25.878,61.4243
11.3424,7.9484,35.9051,11.7,42.664,58.9244
9.4384,6.6141,35.6747,11.7,43.2105,58.6594
8.4057,5.8905,32.2988,11.7,43.5565,58.4998
8.8433,6.1971,32.4543,11.7,43.8476,57.6499
8.0417,5.6354,29.7332,12.1,43.9583,59.0153
8.0663,5.6526,33.4678,11.4,40.6123,59.8691
9.2385,6.474,34.8754,11.4,39.1271,60.9254
10.4893,7.3505,35.2673,11.8,33.9282,61.896
11.5813,8.1158,35.0403,12,28.3198,54.6868
12.6736,8.8813,34.8133,12,22.7114,47.4777
13.4239,9.407,34.6571,12.1,17.225,49.7087
13.2645,9.2953,33.944,12.1,45.7389,58.6212
12.1517,8.5155,31.56,12.1,35.2893,58.0097
11.0688,7.7567,31.5932,12.1,28.4472,58.7221
11.035,7.733,31.6443,12.1,24.226,58.3141
10.8403,7.5965,32.085,12.1,26.9604,58.4711
10.859,7.6097,32.6115,12.1,42.7692,58.6347
10.3748,7.2704,32.9375,12.1,36.772,58.9055
0.9022,0.6322,30.0078,12.1,35.5959,58.3191
0,0,30.4236,12.1,34.1177,59.8736
0,0,28.1336,12.1,34.0306,58.8498
0,0,28.2886,12.1,34.3187,61.888
0,0,27.9131,12.1,34.6094,67.4922
0,0,28.9183,12.1,34.4892,52.281
0,0,28.1277,12.1,34.5915,68.7302
0,0,28.8356,12.1,34.5759,51.9897
0,0,29.6735,12.1,34.459,68.5713
0,0,28.879,12.1,34.3831,54.6062
0,0,27.7302,12.1,34.5286,58.1177
0,0,24.6726,12.1,35.4158,70.0357
0,0,28.0787,12.1,35.5423,58.5872
0,0,29.7448,12.1,34.8841,51.2951
0,0,29.6553,12.1,34.6287,60.97
0,0,28.8019,12.1,34.7856,69.1606
0,0,27.6518,12.1,35.3282,73.607
0,0,28.6905,12.1,35.6994,44.321
0,0,28.7381,12.1,35.8207,53.0127
0,0,29.1681,12.1,35.848,60.634
0,0,29.2877,12.1,35.7706,66.6771
0,0,30.0023,12.1,35.5672,72.5338
6.1791,4.3301,29.5182,12.1,44.7233,61.3977
7.1078,4.9809,29.6461,11.3,38.0278,49.1636
10.7505,7.5336,30.069,11.9,35.7656,49.7773
10.632,7.4505,29.8193,11.9,34.6911,59.9787
10.141,7.1065,28.6229,12,30.8678,58.5789
10.1127,7.0866,28.3385,12,25.9895,60.0551
10.79,7.5613,28.0123,12.2,20.5281,59.2747
12.3874,8.6807,28.5183,12.2,24.9961,59.6777
12.6209,8.8443,29.2859,12.3,27.2672,59.0233
11.9982,8.4079,29.2244,12.3,28.6234,59.3458
11.3715,7.9688,29.2052,12.3,36.9699,59.3029
11.4221,8.0042,29.0182,12.1,32.9389,58.2811
11.4839,8.0475,29.151,12.3,28.4277,58.7274
11.7454,8.2308,29.4428,12.3,24.3199,58.4456
13.6707,9.58,30.3574,12.3,17.8729,59.4183
13.9319,9.763,30.3121,12.3,12.7769,58.3982
13.7932,9.6658,30.6157,12.3,16.51,58.7678
13.6176,9.5427,29.9589,12.3,22.3937,58.2178
13.3713,9.3702,30.2904,12.3,23.5852,58.4594
13.7495,9.6352,30.5021,12.3,23.4437,58.7127
13.7862,9.6609,30.2929,12.3,27.736,58.7447
13.0859,9.1702,29.4846,12.3,22.3928,58.7406
11.0008,7.709,30.1526,12.3,21.5017,58.4512
8.3441,5.8473,30.3463,12.3,21.6148,58.8031
8.2301,5.7674,30.4235,11.7,27.007,59.9635
8.3091,5.8227,30.0182,11.8,25.3967,57.8647
8.1042,5.6792,30.4256,11.3,26.6295,59.8091
6.9929,4.9004,30.2908,12.2,33.71,58.6501
7.074,4.9573,30.9174,12.2,32.0082,58.1237
7.1524,5.0122,31.2761,12.2,28.5052,60.6485
7.3349,5.14,31.4391,12.2,27.7473,58.1814
7.4443,5.2167,30.9594,12.2,27.4444,60.6451
7.3917,5.1798,31.0228,12.2,26.9078,58.3061
7.3148,5.126,30.4925,12.2,27.1347,59.0477
7.465,5.2312,31.0161,12.2,25.6309,60.4559
8.6339,6.0504,30.5327,12.2,21.5105,59.6941
10.9418,7.6677,31.1197,12.2,27.6302,59.5298
11.0848,7.7678,31.2427,12.2,36.1412,59.4204
10.924,7.6552,31.5347,12.2,31.9399,59.5347
11.0442,7.7394,30.4527,12.2,30.9212,59.2995
10.8107,7.5758,30.5132,12.2,28.4911,59.354
10.0353,7.0324,28.1657,12.2,37.5535,58.4337
9.9616,6.9808,29.8135,11.6,35.7169,59.0072
9.8446,6.8988,30.6872,11.8,32.3334,59.4995
10.1744,7.1299,30.5584,11.7,31.1234,58.4605
10.8006,7.5687,31.3596,12.4,29.0785,58.3711
11.3273,7.9378,30.9815,12.1,25.6931,58.6732
9.4981,6.656,31.607,11.8,27.2382,58.8826
8.3124,5.8251,31.3392,11.8,37.6419,60.156
8.1521,5.7127,31.9635,11.6,36.6838,56.5799
7.6813,5.3828,32.3816,11.8,33.7664,60.7448
7.6362,5.3512,33.4596,11.8,30.9928,57.5767
7.9969,5.6039,31.8731,11.8,31.0229,61.186
8.4318,5.9087,31.6957,11.8,34.4152,56.7143
8.3265,5.835,32.1862,11.7,37.4,56.7439
7.4766,5.2394,34.1085,11.7,33.5365,57.5344
7.4456,5.2176,35.4256,11.7,29.9027,60.9449
7.3605,5.158,32.119,11.7,25.0218,60.9795
7.4952,5.2524,32.1684,11.8,24.6892,62.1204
7.8253,5.4837,32.8518,11.8,24.8595,61.5241
8.0695,5.6549,32.9993,11.7,31.0294,60.9065
7.7597,5.4377,33.2611,11.7,28.3202,62.7387
7.877,5.52,33.346,11.7,27.5053,60.1269
7.6567,5.3656,36.2891,11.7,29.5485,59.5906
7.8609,5.5087,33.1922,11.8,26.2556,60.398
7.9492,5.5706,33.4733,11.7,26.1412,60.9736
7.9562,5.5755,33.7762,11.7,38.4518,60.8473
8.9195,6.2505,33.6918,11.7,37.0398,59.3928
7.6766,5.3795,34.9838,11.9,36.2278,60.3906
11.6362,8.1543,32.4748,12,30.1369,60.862
11.8785,8.3241,32.4805,12,28.7986,60.1953
11.6876,8.1903,31.9056,12,25.4812,59.67
11.4159,7.9999,32.5715,11.9,29.8005,60.1689
13.295,9.3167,33.2245,12,35.5625,59.3849
13.3951,9.3868,33.6996,12.2,28.3047,58.9848
12.1197,8.4931,33.4899,12.2,28.7223,58.8148
10.1367,7.1034,34.0121,12.2,37.8906,58.7294
10.54,7.3861,34.6413,12.2,33.7884,58.362
10.7365,7.5238,35.1396,12,33.6263,58.3324
10.6534,7.4656,35.0975,12,36.7743,58.3737
10.8349,7.5928,34.8994,12,33.1106,58.1854
10.8392,7.5958,35.216,12.4,32.0056,58.7003
10.9094,7.645,34.3569,12.4,38.0185,57.0738
10.9646,7.6837,35.2729,12,35.2012,58.6256
10.4135,7.2975,35.4807,12,32.3119,57.787
9.7869,6.8583,34.4609,11.7,40.0005,57.9954
9.3687,6.5653,34.5403,11.7,40.04,57.7056
9.3166,6.5288,34.7154,11.6,40.1285,57.5697
8.58,6.0126,34.1517,11.7,37.2217,57.4482
9.0851,6.3665,34.1664,11.5,35.8227,58.1425
10.3891,7.2803,34.6702,11.7,31.8905,59.2268
11.185,7.8381,35.226,11.7,29.8336,59.0153
12.0954,8.476,35.9401,11.7,25.4548,59.6546
12.2799,8.6053,35.6904,11.8,23.7481,58.2794
12.4048,8.6929,35.1854,11.7,35.8864,58.7853
12.1038,8.4819,33.6839,11.8,31.9886,58.5518
12.0741,8.4612,33.4043,11.8,28.3277,58.0929
10.3645,7.2631,33.6752,11.8,33.5122,58.056
8.7024,6.0984,32.2411,11.7,35.1745,58.6248
9.2754,6.4999,32.8118,11.7,32.7484,58.874
7.1684,5.0234,32.8957,11.7,30.5584,60.361
7.2188,5.0587,33.014,12,30.6723,58.6822
7.6742,5.3778,34.2385,12,30.9424,58.5544
8.3744,5.8685,34.5598,12,34.7624,57.3096
8.436,5.9116,35.0072,12,38.4953,59.4403
8.4405,5.9148,34.9779,12,37.1548,55.77
8.5462,5.9889,34.93,12,36.8679,58.63
8.3104,5.8237,35.0354,11.6,38.244,55.4935
8.0062,5.6105,34.5568,11.7,39.9838,57.7686
8.0066,5.6108,33.9478,11.7,39.6498,56.3427
8.1398,5.7041,34.5906,11.7,39.9216,52.5275
8.5191,5.9699,34.7225,11.7,39.862,53.6757
8.3176,5.8287,34.913,11.6,39.6298,50.3718
8.1192,5.6896,34.6284,11.6,39.6301,44.6787
8.1626,5.7201,34.7445,11.6,39.1081,57.8476
8.2269,5.7652,34.6675,11.6,39.3715,45.474
8.349,5.8507,34.6804,11.6,39.5653,47.2406
8.2632,5.7906,34.4124,11.6,39.7662,66.4644
8.4095,5.8931,34.8006,11.4,39.7499,76.3536
8.6184,6.0395,35.4172,11.4,39.2858,70.7776
8.4137,5.8961,36.8913,11.4,39.5422,34.6077
7.6102,5.333,35.7825,11.4,39.5084,21.7093
7.6816,5.383,36.3775,11.4,39.2594,22.1892
7.9669,5.583,37.58,11.9,39.1355,18.4325
8.43,5.9075,38.4541,11.6,39.6771,17.5931
12.264,8.5942,37.626,11.5,36.1632,44.9608
13.3822,9.3778,37.9805,11.6,39.7383,58.5438
13.2673,9.2973,37.9249,11.4,39.7032,59.0785
12.3913,8.6834,37.0992,11.5,39.8757,59.0308
12.4398,8.7174,36.1642,11.5,39.8697,58.1514
13.1342,9.204,38.0615,11.5,39.7255,59.5483
13.1732,9.2314,36.7085,11.5,39.5111,57.8759
13.5285,9.4804,37.3494,11.4,39.8866,55.8662
3.0833,2.1607,36.1164,11.4,41.5072,60.2025
0,0,35.3233,11.4,40.9546,61.6857
0,0,34.9165,11.4,40.4367,60.9367
0,0,33.709,11.4,40.8999,61.5613
0,0,33.7168,11.4,41.2244,68.4935
0,0,32.3313,11.4,41.0134,54.1711
0,0,32.2391,11.4,41.4789,70.231
0,0,29.5283,11.4,41.8603,50.6615
0,0,30.3987,11.4,42.5416,63.3002
0,0,29.7233,11.4,42.6112,70.9827
0,0,28.3718,11.4,42.989,48.1876
0,0,29.6897,11.4,45.5578,53.4342
0,0,30.6486,11.4,44.6019,57.454
0,0,31.7781,11.4,41.7012,65.0424
0.0291,0.0204,31.7421,11.4,40.0779,71.2712
7.8828,5.524,35.346,11.5,34.9184,51.945
11.2696,7.8974,35.2818,11.4,39.9941,56.733
11.6167,8.1406,35.7356,11.3,40.1236,57.1004
11.3693,7.9672,35.6827,11.3,40.2578,57.1298
9.6361,6.7527,36.4628,11.2,40.2383,57.7485
8.9068,6.2416,36.8144,11.4,40.6015,57.1463
6.0503,4.2398,34.1389,11.4,44.1884,58.0203
8.4535,5.924,34.413,11.4,40.8808,57.1372
8.6324,6.0493,33.9257,11.4,40.463,57.0404
11.1019,7.7799,30.5325,11.4,40.0718,57.293
12.4644,8.7347,29.1757,11.4,40,57.2276
12.3718,8.6698,32.1284,11.4,40.0282,56.7276
11.981,8.3959,30.5802,11.4,39.89,46.8779
11.9925,8.4039,29.6791,11.4,40.0296,51.8709
11.8999,8.339,29.4352,11.4,40.0199,53.1455
11.7589,8.2403,31.4295,11.1,40.3369,53.0316
10.1312,7.0996,31.2383,10.6,40.0811,52.4928
8.9518,6.2731,32.4555,10.6,40.056,53.5029
10.4243,7.305,33.0301,10.6,39.9997,54.3128
10.8758,7.6214,33.3085,11.5,40.0003,53.729
11.0582,7.7492,31.436,11.5,40.0167,53.8668
12.4564,8.7291,32.5034,11.6,40.001,51.856
13.8759,9.7238,34.2367,11.6,39.9263,49.4126
13.381,9.3769,34.7965,11.6,40.0086,47.7804
13.7298,9.6214,36.7078,11.5,39.9996,47.752
14.5379,10.1877,41.2617,11.4,40.0048,46.1231
13.9476,9.774,39.3247,11.3,40.0277,49.7393
13.818,9.6832,39.3029,11.7,40.0438,53.579
13.2632,9.2944,38.3935,11.7,39.9968,52.9194
12.4644,8.7346,37.7449,11.7,40.0041,52.7266
12.3654,8.6653,36.7878,11.7,40.0238,52.813
12.3978,8.6879,36.8364,11.7,40.0787,53.048
12.4455,8.7214,37.6912,11.5,40.0058,52.5971
12.7545,8.938,38.6534,11.5,40.018,51.6218
12.0235,8.4257,34.6455,11.5,40.0886,52.9799
11.736,8.2242,34.7505,11.2,40.0455,49.8576
11.6777,8.1833,34.5308,11.2,40.0472,49.5537
11.4341,8.0126,33.5291,11.4,40.0846,48.1742
11.5377,8.0852,34.0676,10.9,40.0391,48.3738
11.0079,7.7139,34.013,10.9,40.1133,47.8782
11.0386,7.7355,33.5758,10.9,40.1953,51.9695
10.4899,7.351,34.0156,11.7,40.0364,48.8877
11.0851,7.7681,34.7446,11.7,40.033,49.3227
11.8934,8.3345,33.1439,11.3,39.9751,49.1084
12.0434,8.4396,32.0461,11.4,39.9412,42.2146
10.9882,7.7002,32.3819,11.4,39.8349,48.6172
9.8175,6.8798,32.2978,11.4,39.9486,60.9146
10.6989,7.4974,32.033,11.5,39.9493,56.3819
12.8144,8.9799,34.3228,12,39.982,51.7915
12.866,9.0161,34.2004,11.6,39.3604,47.5113
12.4682,8.7373,35.3006,11.7,39.5004,41.7161
12.1951,8.5459,35.1786,11.7,39.6828,39.4129
12.5716,8.8097,35.579,11.7,39.5845,50.2081
12.2699,8.5984,34.7321,12.1,39.3074,47.7872
10.7297,7.519,33.1648,12.1,38.2659,42.757
10.3891,7.2803,31.9773,12.1,39.3411,48.1836
11.036,7.7337,31.2443,12.1,37.9097,43.2748
10.3996,7.2877,31.2163,12.1,39.1586,48.1026
9.7607,6.84,30.4507,11.9,39.7247,36.517
10.2998,7.2178,31.2619,11.9,39.641,40.3906
10.245,7.1793,31.7388,11.5,39.5648,40.1348
10.2568,7.1876,31.6765,12,39.2672,46.4694
10.3028,7.2198,32.3078,11.9,39.3908,33.9346
10.3593,7.2595,32.2581,11.5,39.1871,49.2686
10.3393,7.2454,32.0106,11.4,39.1487,42.2065
10.8944,7.6345,32.17,11.4,39.2195,40.7392
10.9826,7.6963,32.3352,11.5,38.9278,32.6792
11.4545,8.0269,32.9536,11.7,39.4943,41.3313
11.5296,8.0796,32.7375,11.7,39.6251,36.5679
10.8221,7.5838,32.8593,11.8,38.8917,58.6613
11.4808,8.0453,33.0153,11.3,38.0432,63.1081
9.3123,6.5258,31.8991,11.3,39.086,60.0536
9.7546,6.8357,33.0649,11.3,39.3137,83.1247
11.3198,7.9326,33.8556,11.7,38.6605,51.148
11.7267,8.2177,33.8728,11.7,37.9423,22.0636
11.3872,7.9798,32.7711,11.7,37.0899,23.8432
10.4472,7.3211,32.5362,11.7,37.6928,21.4914
10.7528,7.5352,30.6077,11.7,38.6742,40.9523
11.0226,7.7243,33.0507,11.6,36.9261,59.3981
11.1814,7.8355,33.1761,11.3,37.5596,57.6572
11.5291,8.0792,33.2413,11.2,38.7285,56.6356
11.6736,8.1805,32.9735,11.3,38.383,59.9447
11.2657,7.8946,32.605,11.2,37.5201,55.9693
10.8695,7.617,33.2669,11.2,36.2587,56.3842
10.6111,7.4359,33.2911,11.2,36.0664,57.6234
10.4103,7.2952,32.6878,11.2,36.8867,56.934
10.2389,7.1751,32.4851,11.2,37.6135,57.0512
10.376,7.2712,32.522,11.2,38.6827,57.675
12.7358,8.9248,32.6944,11.2,37.5704,55.7367
13.9616,9.7838,32.6137,11.2,35.6309,57.0766
14.2323,9.9735,32.4012,11.2,35.3058,52.6313
14.6357,10.2562,34.1501,11.2,35.2974,55.8417
14.1552,9.9195,34.6809,11.4,37.256,54.6709
14.0547,9.849,33.55,12.2,35.9769,56.4026
12.3122,8.628,32.3142,11.6,34.7371,57.6262
9.5838,6.716,33.4311,11.7,32.8338,53.202
8.4059,5.8906,34.1574,11.2,26.4679,54.6908
2.0791,2.2725,29.9201,11.2,25.6179,49.5588
0,0,24.99,11.2,30.1935,0
0.1709,0.19,30.04,11.3,30.2676,2.3187
4.274,4.67,30.7,11.3,27.3577,19.387
6.742,7.37,32.04,11.2,28.6185,20.251
7.2324,7.91,32.74,11.7,23.4733,40.4346
7.4308,8.12,33.38,11.7,30.6144,61.478
7.3516,8.04,32.48,11.9,36.5143,62.7075
7.1498,7.81,32.4,11.9,36.9568,61.5205
5.339,5.84,32.88,11.9,38.2485,62.6671
6.503,7.11,32.88,12,40.9566,62.8358
6.4789,7.08,32.71,12,43.1919,53.3867
6.3391,6.93,31.87,12,45.0962,36.8723
6.1934,6.77,31.73,11.6,45.0072,36.7922
6.0151,6.57,32.1,11.8,45.4512,36.9126
6.4276,7.03,31.45,11.7,46.4327,37.3113
4.4558,4.87,31.5,11.9,45.8879,37.7231
4.3229,4.72,30.09,12.2,46.5828,40.0045
4.3021,4.7,30.01,12.1,45.5268,39.1339
4.0144,4.39,32.29,11.2,44.2071,39.8579
4.1708,4.56,32.55,12.1,46.3298,38.4569
4.0608,4.44,32.44,12,47.2651,38.1335
4.3766,4.78,31.96,11.6,45.1684,38.6485
4.633,5.06,32.15,12.1,45.7076,39.2566
4.6678,5.1,33.07,12.1,45.7075,38.2584
4.5798,5.01,33.77,12.1,46.3341,38.738
4.9401,5.4,33.41,12.1,45.5372,38.694
5.6069,6.13,33.46,12,44.722,38.4123
4.916,5.37,34.11,11.7,45.4112,38.5683
5.0979,5.57,33.81,11.8,45.9152,38.4615
5.107,5.58,32.97,11.8,47.1454,37.9839
5.0938,5.57,33.45,11.8,47.2496,40.0734
5.0761,5.55,32.78,12,47.3138,38.9799
5.1028,5.58,33.34,11.8,47.4748,37.5787
5.0693,5.54,33.91,11.8,46.8523,38.0362
5.0078,5.47,34.28,11.8,45.4046,38.3678
4.6869,5.12,33.92,11.7,46.3824,37.1472
5.095,5.57,33.65,11.7,44.8827,38.3154
5.6918,6.22,34.36,12.3,43.0071,38.8499
7.3048,7.98,32.71,12.3,41.8185,38.2048
7.5404,8.24,33.74,11.1,37.8656,37.492
7.4515,8.14,33.75,11.1,35.6387,37.0042
7.4007,8.09,33.43,12.1,33.676,37.0874
7.0125,7.66,32.69,12.1,32.8728,45.873
6.8162,7.45,32.4,11.3,32.8431,37.1384
6.723,7.35,31.99,12.3,33.0804,36.8809
6.699,7.32,31.49,12.3,34.9243,31.2135
6.6458,7.26,31.52,12.4,35.288,29.7276
6.5759,7.19,32.27,12.4,34.5924,34.8915
6.2886,6.87,32.5,12.5,33.1142,37.561
6.0645,6.63,31.98,11.5,32.829,37.4099
6.1717,6.75,31.77,11.5,31.0237,37.9017
6.1395,6.71,32.11,12.3,31.2444,37.4542
6.3884,6.98,32.11,12.1,32.3462,37.8934
6.4161,7.01,32.68,12.1,32.9236,36.8889
6.2179,6.8,32.78,12.3,32.6893,37.2248
6.1713,6.75,32.09,12.3,32.6659,37.4571
6.2281,6.81,32.08,12.4,33.8904,37.3925
6.2196,6.8,32.42,12.6,33.6869,37.1552
6.5719,7.18,32.28,12.4,32.2719,37.0365
7.0196,7.67,32.54,12.4,32.3566,37.4812
7.1589,7.82,32.31,12.3,33.0042,37.4247
7.304,7.98,32.5,12.6,31.6778,37.9931
7.464,8.16,32.56,12.6,32.4945,37.7676
7.1213,7.78,33.24,12.4,32.1902,34.5979
7.2582,7.93,32.86,12.5,27.2372,32.8929
7.5728,8.28,33.2,12.7,20.5453,36.0783
7.5092,8.21,33.51,12.7,36.3484,35.8936
7.4433,8.14,33.46,12.3,44.6226,35.5447
7.2732,7.95,33.57,12.3,40.2312,35.7332
3.0965,3.38,33.08,12.4,35.4806,37.3771
4.0177,4.39,31.42,12.4,34.531,38.1599
5.3902,5.89,31.22,12.4,33.8497,36.4953
5.5255,6.04,31.53,12.4,31.9559,36.6623
5.7068,6.24,30.59,12.4,29.4093,36.1952
5.927,6.48,28.23,12.4,28.3714,35.7204
6.6195,7.24,27.66,12.1,33.2716,36.3531
7.2604,7.94,28.59,12.1,32.1432,36.7276
7.4889,8.19,30.44,12,33.5103,36.8815
7.3001,7.98,26.3,11.9,47.3462,36.5108
7.0499,7.71,29.11,11.9,37.4328,36.8875
7.0962,7.76,30.48,11.9,31.5039,37.2746
7.315,8,31.22,11.9,28.2269,37.6051
7.7137,8.43,31.58,11.8,33.943,37.1939
7.9585,8.7,31.76,11.8,43.3419,37.1778
8.152,8.91,31.79,11.8,38.583,37.308
7.889,8.62,31.46,12.3,34.7428,37.457
8.3252,9.1,32.1,12.2,32.8218,37.003
8.3619,9.14,32.15,12.2,28.2319,37.1526
8.4087,9.19,31.84,11.6,25.0454,37.1276
8.3444,9.12,31.81,11.7,42.2397,36.7938
7.9958,8.74,31.27,11.7,34.6337,36.8208
7.3443,8.03,30.53,11.7,29.9594,36.5017
7.0351,7.69,30.99,11.6,25.4614,36.637
6.9247,7.57,31.76,11.6,44.2294,36.6484
6.1796,6.75,31.95,11.6,40.0534,36.0313
6.6552,7.27,32.07,7.9,38.3814,36.2456
6.6848,7.31,31.42,7.9,39.373,36.7973
6.9353,7.58,31.86,11.3,37.0431,36.9467
7.3868,8.07,31.61,11.6,30.2515,37.0661
8.2093,8.97,31.92,11.7,30.4773,37.1475
8.3708,9.15,32.97,11.7,41.1581,36.6439
8.5024,9.29,33.66,11.8,32.1065,36.6806
8.613,9.41,33.7,11.9,25.982,36.5962
8.638,9.44,33.62,11.8,35.9475,36.7525
8.572,9.37,33.74,11.9,44.5185,36.4814
8.3497,9.13,33.56,12,37.0711,36.5771
8.2085,8.97,32.93,12,32.2224,36.4922
8.1057,8.86,33.4,12,27.6926,36.9766
8.1259,8.88,33.16,12,21.4535,36.4305
8.0913,8.84,33.68,12.1,35.4433,37.0003
8.3873,9.17,33.99,12.2,44.4878,36.8423
8.1894,8.95,33.44,12.2,42.6438,35.7932
8.1999,8.96,33.05,12.2,38.4616,35.7601
8.2858,9.06,33.2,12.2,34.3941,36.0978
8.4834,9.27,33.02,12.2,30.4234,36.5362
8.5474,9.34,31.79,12.4,26.3209,35.9037
8.4415,9.23,32.15,12.3,29.0166,36.5553
8.6977,9.51,32.09,12.3,39.1709,36.3995
9.0415,9.88,33.95,12.5,35.6848,36.6487
8.9995,9.84,34.11,12.3,40.2769,36.2794
7.2571,7.93,34.42,12.2,41.963,36.6539
8.7449,9.56,33.86,12.3,39.4388,37.4444
8.3939,9.17,33.12,12.3,34.8928,37.4692
8.2779,9.05,32.63,12.4,31.0488,37.5069
6.7092,7.33,31.1,12.4,43.4716,37.1136
4.6547,5.09,31.36,12.3,46.8868,36.1229
5.5038,6.02,32.25,12.3,45.7722,36.0139
8.522,9.31,31.75,12.3,39.8715,36.9461
8.6876,9.5,31.7,12.3,33.704,37.1007
8.311,9.08,30.51,12.4,27.9775,37.1069
8.3776,9.16,30.95,12.1,35.5379,36.8871
8.4946,9.28,32.64,12.1,34.9651,37.06
8.3369,9.11,32.71,12.2,29.2282,37.1932
8.44,9.22,33.28,12.1,33.2664,37.2921
8.6089,9.41,33.3,12.1,45.1053,37.4238
8.6388,9.44,32.63,12.1,40.986,35.9939
8.4238,9.21,32.17,12.2,34.9559,36.6934
8.0719,8.82,32.16,12.2,30.9797,37.6212
7.8773,8.61,31.01,12.2,26.9314,36.6546
8.0909,8.84,31.71,12.4,32.9444,37.3465
8.0047,8.75,32.42,12.2,45.977,36.8657
6.7984,7.43,33.24,12.1,43.197,36.6205
7.1165,7.78,32.66,12.2,39.6282,36.7575
6.9585,7.61,32.73,12.1,36.7805,36.3768
7.4326,8.12,32.51,12.2,34.0653,36.7083
7.2561,7.93,31.78,12,39.7641,36.2023
7.083,7.74,31.72,11.9,43.3448,36.6387
7.0854,7.74,30.75,12,42.6042,36.3259
7.2709,7.95,31.54,11.7,44.8225,36.5465
7.6361,8.35,31.99,11.8,38.9936,36.3369
7.5594,8.26,32.59,11.7,34.1618,36.3766
7.5149,8.21,32.21,11.8,29.9302,36.3415
8.1557,8.91,32.65,11.9,23.4957,36.6437
8.2265,8.99,32.11,11.9,46.5202,35.7439
8.1667,8.93,32.31,12,40.4955,35.9092
8.2149,8.98,33.65,12.2,34.9401,35.8505
8.3246,9.1,33.65,12.2,31.8853,36.04
7.3182,8,33.94,11.8,33.8342,35.5308
6.4082,7,33.1,11.3,33.6967,35.8487
5.6904,6.22,32.1,12.1,30.4779,35.5836
5.245,5.73,32.47,11.5,28.6777,35.6276
5.3988,5.9,31.97,11.7,27.4765,36.129
5.38,5.88,31.52,11.5,26.3543,35.4743
5.724,6.26,31.96,11.8,25.1989,35.8868
5.5397,6.05,31.63,11.6,24.0208,34.8436
0,0,30.84,11.6,25.143,21.757
0,0,31.32,11.6,25.5952,71.1551
0,0,31.14,11.6,25.8046,95.135
0,0,31.43,11.6,25.728,36.8312
0,0,31.3,11.6,25.6118,36.9742
0,0,31.02,11.6,25.4107,39.4372
4.2369,4.63,33.93,11.4,40.1279,35.8146
4.513,4.93,33.64,11.5,47.5886,36.5519
4.8932,5.35,33.87,11.5,44.4362,37.178
5.0183,5.49,33.76,11.5,43.3435,36.9311
5.2412,5.73,34.06,11.8,40.5124,37.2285
5.4166,5.92,33.41,11.9,39.7351,36.7353
5.9577,6.51,31.96,11.9,37.863,36.2416
7.0038,7.66,31.5,11.8,35.4467,35.7181
6.7095,7.33,32.12,11.9,30.8027,36.5691
6.8658,7.5,32.87,12.2,26.081,36.841
7.0897,7.75,33.2,12,20.7919,36.588
0.3626,0.2,32.01,12,19.941,31.5593
0,0,31.57,12,21.7162,29.3413
0,0,31.4,12,21.4648,40.088
0,0,31.29,12,21.1221,42.9611
0,0,31.2,12,21.1576,41.3639
0,0,31.6,12,21.2315,41.1394
0,0,31.46,12,21.3128,41.0911
0,0,31.69,12,21.4399,39.8366
0,0,31.74,12,21.3689,41.7561
0,0,31.56,12,21.1182,45.3732
0,0,31.79,12,20.6044,47.7226
0,0,32.03,12,20.5536,47.2926
0,0,32.39,12,20.3537,47.1408
0,0,32.76,12,20.1851,47.227
0,0,32.7,12,20.1727,47.2991
0,0,32.9,12,20.1369,47.122
0,0,32.83,12,20.1055,47.0215
0,0,32.39,12,20.2471,47.0241
1.8451,1.02,32.68,12,19.8491,47.2145
11.9298,6.61,34.62,12,14.9821,40.2649
13.3989,7.42,34.59,11.7,15.3132,36.6977
13.9058,7.7,35.53,12.4,23.0413,36.9103
10.1433,5.62,35.83,11.5,26.4889,36.0667
11.3691,6.3,37.28,11.9,25.3848,36.3594
11.3955,6.31,37.62,11.5,22.8724,36.5131
9.3807,5.2,36.76,11.8,18.2543,36.466
9.7693,5.41,36.85,11.5,15.8347,36.9805
12.6526,7.01,36.28,11.4,26.4456,37.6943
14.4023,7.98,35.69,11.5,25.4003,37.4731
15.3214,8.49,35.25,11.3,22.4592,37.5009
16.6992,9.25,37.04,11.8,25.3364,37.0723
17.8105,9.87,38.66,11.3,22.2668,36.461
18.0184,9.98,38.89,11.4,20.6784,36.1537
18.0618,10,38.99,11.6,24.0624,35.6757
18.1622,10.06,38.79,11.6,25.5381,35.5984
18.1717,10.07,39.52,11.9,19.7728,35.1363
18.263,10.12,39.33,11.9,23.2194,35.7388
18.3179,10.15,39.37,11.8,22.2999,35.4673
18.4175,10.2,39.43,11.9,16.0576,35.242
18.5048,10.25,39.18,11.9,25.5444,34.6391
18.3614,10.17,39.83,12,25.9778,34.5332
12.7547,7.07,41.83,11.9,25.1473,34.7783
12.7787,7.08,42.78,12.2,26.5878,36.0259
13.0081,7.21,42.87,12.2,21.4646,35.9382
13.4719,7.46,44.01,12,24.8406,35.3541
13.4933,7.47,43.3,12,27.3212,36.1273
13.3989,7.42,41.96,12.3,26.0642,35.8497
13.394,7.42,40.77,12.1,22.6529,35.7658
13.4667,7.46,40.36,12,30.6003,36.0725
13.4752,7.46,40.79,12,35.2736,35.7178
12.8864,7.14,41.54,12,29.4969,35.8927
12.4308,6.89,40.34,12.1,26.6676,36.5771
12.8181,7.1,40.07,11.4,38.383,36.1927
12.8411,7.11,39.92,11.5,46.0682,36.2878
12.4295,6.89,39.5,11.7,42.4457,36.411
12.4899,6.92,39.05,11.7,40.2319,35.8134
12.6259,6.99,42.04,12,35.4251,36.5803
12.2815,6.8,40.44,11.8,32.0645,36.7352
11.9569,6.62,39.01,11.8,29.9896,37.2793
12.3718,6.85,39.18,11.7,40.9881,36.6441
13.1219,7.27,40.33,11.7,45.9412,36.4155
12.2081,6.76,39.41,11.9,42.7267,36.9436
11.8053,6.54,37.19,12.7,36.9094,36.5092
14.5617,8.07,35.56,11.7,42.4366,36.3973
15.3573,8.51,35.95,12,38.5808,36.4127
16.1261,8.93,36.17,11.9,34.9021,36.5971
16.0404,8.89,35.88,12,31.0783,36.7327
16.0524,8.89,35,11.9,34.1446,36.3597
14.221,7.88,36.42,11.9,32.9374,36.7722
12.1309,6.72,38.45,11.9,28.4148,36.8042
12.8574,7.12,39.88,11.9,27.286,37.0297
12.9043,7.15,41.39,12,25.1791,36.9221
12.8548,7.12,39.77,12,24.0142,37.3299
12.3293,6.83,39.54,12,37.5319,35.7567
11.493,6.37,39.21,11.7,46.7762,36.0734
11.6524,6.45,39.92,11.8,45.4595,36.322
11.7239,6.49,38.48,11.8,44.314,35.8947
11.7128,6.49,38.7,11.8,43.6299,35.7813
11.9966,6.65,39.87,11.8,42.9443,36.0192
11.9238,6.6,39.34,11.7,41.9972,36.5485
11.6032,6.43,38.24,11.1,41.4833,36.8208
11.7324,6.5,38.24,11.9,41.1898,36.7684
12.0622,6.68,39.02,11.9,40.3972,36.974
12.64,7,39.67,12.1,39.5065,37.0047
13.4743,7.46,41.6,11.5,34.0881,37.6489
12.3937,6.87,40.19,11.9,33.3015,36.9161
12.4244,6.88,39.2,11.6,33.3729,37.4216
12.6531,7.01,38.98,11.7,32.7098,37.1557
12.8526,7.12,39.58,11.7,30.8825,37.2861
13.133,7.27,40.9,11.7,28.6081,37.3475
12.6491,7.01,40.08,11.7,26.3476,37.2928
12.3025,6.81,40.2,11.9,24.0693,36.8313
11.8258,6.55,39.21,12,22.5278,36.8957
11.6458,6.45,38.04,11.8,36.8188,36.6669
11.778,6.52,38.5,11.8,35.6192,36.9572
11.774,6.52,37.92,12.3,33.8307,36.6111
11.2619,6.24,37.08,11.9,32.8296,36.8429
10.6928,5.92,33.6,12,32.4435,36.1267
10.9022,6.04,32.36,11.9,31.8083,34.7527
11.3227,6.27,32.99,11.2,30.6768,36.123
11.6764,6.47,35.58,12,28.5067,36.9175
11.9308,6.61,35.95,12,26.0553,35.1669
12.4737,6.91,38.38,12.4,22.452,29.5096
12.851,7.12,39.43,12,24.6928,32.6628
12.5909,6.97,39.94,11.8,35.906,37.2463
12.9414,7.17,40.88,11.8,34.3407,37.1797
13.1823,7.3,42.09,12,32.4352,37.909
12.9258,7.16,41.33,11.8,29.9644,38.1177
13.329,7.38,41.55,11.8,25.4839,38.3083
13.9319,7.72,42.67,11.9,23.2605,38.2311
13.848,7.67,42.08,12,46.3424,37.2217
13.7905,7.64,42.36,11.8,42.8048,37.7646
12.9548,7.18,40.04,11.8,40.6782,37.8395
11.8994,6.59,38.1,11.9,39.6056,37.8108
12.4013,6.87,38.51,12.1,36.9459,37.7666
13.9661,7.74,41.38,11.9,32.2578,37.9188
14.2085,7.87,43.39,11.9,27.7253,38.4557
13.7656,7.63,43.08,11.9,23.6629,38.0379
14.0205,7.77,43.28,11.8,34.5367,37.6951
13.7121,7.6,42.02,12,43.496,37.4755
12.726,7.05,40.68,12.1,43.8721,37.7813
13.2354,7.33,39.84,12,42.9855,38.0733
13.2135,7.32,38.62,11.9,40.5238,37.8045
14.3457,7.95,41.23,12,36.314,37.9251
14.9991,8.31,43.67,12.1,33.1967,37.9337
15.1687,8.4,44.21,12.3,30.831,37.9788
15.0878,8.36,43.61,11.9,30.6374,38.1117
15.0566,8.34,43.24,11.9,30.6965,37.9591
14.2511,7.89,39.89,11.9,28.0373,38.042
14.4724,8.02,37.04,11.9,24.5635,37.8245
14.5815,8.08,36.49,11.8,34.5958,37.8407
14.7944,8.19,40.1,11.9,39.4837,37.4715
14.8331,8.22,40.91,12,33.2464,37.9973
14.9222,8.27,39.38,11.9,37.3674,37.4099
15.0176,8.32,39.29,11.9,41.8322,36.8404
15.0096,8.31,40.1,12,34.6456,37.2003
14.9924,8.3,40.12,11.9,40.236,36.9871
14.9871,8.3,38.27,12,41.0101,36.7429
15.0134,8.32,40.79,12,32.735,37.0512
14.9575,8.29,40.65,11.5,40.0422,36.6289
14.0723,7.79,39.84,11.6,43.1109,36.6191
13.8602,7.68,38.83,11.7,36.3546,36.6222
14.3393,7.94,41.33,11.8,28.3652,37.562
14.6404,8.11,42.29,11.7,37.0157,36.4305
15.034,8.33,41.04,11.9,41.7362,36.854
14.8851,8.25,43.3,11,37.8157,36.6301
14.8415,8.22,42.85,11.2,33.8754,36.8294
14.9876,8.3,42.19,11.2,27.3752,36.3051
15.1442,8.39,41.85,11.5,30.1795,35.7164
15.1249,8.38,41.47,11.5,47.3211,34.9814
15.1404,8.39,42.43,11.8,43.9842,35.3475
15.1405,8.39,42.13,11.2,40.2985,35.9642
15.1336,8.38,37.46,12.1,39.3829,35.9903
14.7035,8.14,36.55,12.3,38.7568,36.6231
15.1074,8.37,36.83,12,33.5935,36.4582
17.6526,9.78,33.58,12,34.0288,36.9701
17.9123,9.92,31.05,11.9,40.9388,37.3425
18.3235,10.15,33.05,12,44.489,37.5669
18.9338,10.49,32.82,12.1,39.4924,36.7399
12.7224,7.05,33.92,12.1,43.7931,36.9469
0,0,31.02,12.1,47.8045,18.0518
4.6945,3.26,32.53,12.1,42.1393,29.3234
8.9368,6.2,35.44,12.1,37.2507,36.8097
8.9376,6.2,35.92,11.9,37.876,36.9711
9.9278,6.89,34.86,11.9,40.631,37.3486
13.2072,9.16,34.02,11.9,42.0127,37.9877
13.0384,9.05,33.94,11.9,47.0626,37.1647
13.0318,9.04,34.1,12,45.3174,36.6519
13.581,9.42,34.73,12.1,43.9954,36.0176
13.997,9.71,35.79,12.2,41.4559,36.0884
14.3742,9.97,36.35,12.2,38.0809,36.6211
13.7635,9.55,35.34,11.7,42.3363,38.5341
13.1977,9.16,34.65,11.7,46.3296,40.0004
13.6587,9.48,34.8,11.9,44.7218,39.7993
13.0809,9.08,35.58,12,41.6806,38.1721
9.7193,6.74,35.93,11.9,40.8358,36.9684
13.8915,9.64,35.59,12,38.6722,37.9981
13.7046,9.51,36.08,12,35.5228,37.627
12.4202,8.62,35.47,11.7,40.0438,36.9473
12.6276,8.76,32.96,11.8,44.3456,37.1219
12.6832,8.8,31.84,11.6,32.2058,36.8146
11.5547,8.02,31.35,11.8,36.7124,36.887
10.2859,7.14,32.28,11.5,44.0295,37.8691
13.9993,9.71,37.59,11.5,37.4526,37.5995
14.1614,9.83,37.88,11.7,34.5061,37.9791
14.3472,9.95,37.44,11.6,44.1672,37.6126
14.6245,10.15,37.48,11.7,38.7173,38.0713
14.3077,9.93,36.35,11.7,32.9989,38.2252
14.688,10.19,37.92,11.6,39.8568,37.686
14.9976,10.41,39.04,11.8,42.8566,38.1309
15.2887,10.61,39.08,11.7,43.4802,38.249
13.5394,9.39,41.13,11.8,48.4611,38.0619
12.1076,8.4,36.98,11.6,49.4662,39.6017
14.4315,10.01,34.58,11.8,43.8051,40.1358
14.5617,10.1,34.67,11.8,39.1471,39.2226
14.6749,10.18,35.61,11.8,35.4613,38.635
14.6655,10.18,35.97,11.9,35.1558,38.6949
14.8204,10.28,36.91,11.7,40.7616,38.0136
14.6784,10.18,34.03,12,37.2942,38.5979
14.4315,10.01,38.76,12.1,29.2668,38.9116
14.3852,9.98,39.83,11.7,40.7653,38.4702
13.5077,9.37,39.92,11.9,40.9309,35.9284
13.0333,9.04,38.19,11.9,36.9001,45.2391
12.94,8.98,38.39,11.9,37.7367,45.162
12.9026,8.95,38.31,11.9,39.2968,42.6482
12.8652,8.93,38.24,11.9,40.857,40.1343
12.8133,8.89,37.98,11.9,42.3989,38.1188
11.7103,8.12,36.35,11.9,41.2897,38.5407
10.5447,7.32,34.27,11.9,38.3619,38.1007
10.1659,7.05,33.81,11.9,35.828,37.7893
10.6433,7.38,35.31,11.6,39.7607,39.0187
11.6589,8.09,36.55,11.6,40.2412,38.2899
11.9232,8.27,36.86,11.6,35.0545,38.3883
12.5318,8.69,37.68,11.6,30.4867,39.3511
12.9091,8.96,37.48,11.6,25.4842,38.5939
13.3999,9.3,36.97,11.6,45.4274,39.4787
13.4437,9.33,37.94,11.6,40.0301,39.0345
13.6654,9.48,37.56,11.6,42.1249,38.8251
14.249,9.89,39.14,11.6,37.8227,39.0081
14.4531,10.03,39.44,11.6,30.6257,38.64
6.7985,4.72,37.62,11.6,39.9583,39.1457
6.7284,4.67,38.76,11.6,48.509,40.9916
6.6129,4.59,39.14,11.6,48.7411,40.9928
6.8231,4.73,38.52,11.6,48.8378,42.2653
9.4326,6.54,36.45,11.6,47.6328,39.2495
11.0139,7.64,34.7,11.6,42.8689,38.2786
10.8262,7.51,34.97,11.7,35.8783,37.8208
11.0555,7.67,35.39,11.7,40.4098,38.3205
10.9635,7.61,33.88,11.7,41.1356,37.8619
10.8167,7.5,35,11.7,36.2363,39.1633
10.6175,7.37,35.56,11.7,39.821,39.0583
10.4213,7.23,34.92,11.7,41.8205,38.2996
10.5329,7.31,33.34,11.4,38.7005,40.1001
10.5746,7.34,34.03,12.4,34.7794,42.3566
10.9656,7.61,34.34,12.4,41.8065,40.364
9.9491,6.9,34.39,12.4,36.5903,39.0569
9.1609,6.36,34.68,12.4,39.9397,39.8428
9.2826,6.44,37.94,10.9,40.2339,40.0697
8.513,5.91,37.02,11.5,39.0779,41.4257
7.4755,5.19,35.13,11.5,39.4895,42.1661
7.1899,4.99,36.6,11.5,38.6403,44.0991
6.9955,4.85,38.02,11.1,44.2665,41.675
6.7351,4.67,36.12,11.1,48.0263,42.1888
7.0548,4.89,36.29,11.1,48.679,40.6117
8.0202,5.56,38.5,11.1,48.1398,41.2576
8.6207,5.98,38.39,11.1,48.3366,42.1728
8.8862,6.17,40.92,11.1,48.6076,41.8198
8.7098,6.04,40.71,11.6,48.4957,43.2934
8.7111,6.04,41.3,11,48.7151,43.5766
8.5457,5.93,40.76,11,48.384,43.8475
8.5845,5.96,39.61,10.9,46.9845,43.9337
7.9261,5.5,37.15,11,47.0115,43.9946
7.2812,5.05,36.59,10.9,46.2184,43.185
7.2067,5,36.83,10.6,45.7088,43.2261
7.4559,5.17,37.81,10.8,45.5288,42.6894
7.655,5.31,38.85,10.7,45.2688,42.761
7.7103,5.35,36.2,10.8,45.6087,43.0233
8.5375,5.92,38.84,10.8,45.6665,42.4149
9.6524,6.7,42.27,10.9,44.282,42.5096
10.3364,7.17,43.63,10.8,40.8144,43.4341
10.8695,7.54,45.59,11,37.2365,38.5836
10.5202,7.3,43.49,11,34.9899,39.4339
10.0339,6.96,43.82,11.1,32.5838,41.8585
10.0045,6.94,43.87,11,29.4464,42.9834
9.7253,6.75,42.32,10.9,27.6473,43.7541
9.7929,6.79,40.52,11.1,29.2375,42.0363
9.5408,6.62,35.22,10.9,46.1675,40.7553
9.7574,6.77,35.62,11,41.7924,41.8961
9.8455,6.83,35.39,11,39.1039,41.6417
9.5818,6.65,32.06,11,37.8858,41.7873
9.5385,6.62,35.81,10.9,41.1193,40.5884
9.4374,6.55,35.23,11.6,41.8987,40.9715
9.575,6.64,35.38,11.1,39.6636,41.1725
9.4323,6.54,35.19,11.1,37.1894,41.2413
8.4988,5.9,33.22,11.2,36.0178,41.1946
7.6642,5.32,32.12,11.2,35.3909,40.2157
7.7647,5.39,32.66,11.2,33.9892,40.8226
8.3522,5.79,33.63,11.2,32.7729,40.1351
8.7031,6.04,33.71,10.7,39.6551,39.2498
8.6798,6.02,33.36,12,42.9635,40.3334
8.8229,6.12,33.89,11,41.0638,40.6443
8.8059,6.11,33.64,11,38.6159,41.4122
8.7144,6.05,32.13,11.6,37.1607,41.0223
8.7481,6.07,33.4,11,35.0962,40.7009
8.7362,6.06,31.45,11.2,33.8004,40.7407
11.3689,7.89,32.89,11.1,41.1404,38.4542
12.748,8.84,34.52,11.4,45.6399,40.1271
12.8271,8.9,35.37,11.2,41.9181,40.5798
13.1551,9.13,35.87,11.3,38.3233,40.9088
13.16,9.13,35.79,12,34.289,41.2423
10.2818,7.13,34.24,11.9,31.6128,41.4162
8.5286,5.92,32.38,11.6,36.3369,40.7308
8.7052,6.04,32.82,11.6,40.2005,40.3333
8.925,6.19,32.88,11.6,39.4245,39.8202
8.9561,6.21,33.27,11.6,38.2736,40.1963
8.9817,6.23,33.03,11.7,36.5787,40.4532
9.2433,6.41,33.21,11.7,35.3898,40.1332
9.5662,6.64,32.25,12.5,34.6998,40.1877
9.909,6.87,31.99,11.7,42.1281,40.28
9.811,6.81,32.93,12.6,46.4988,40.5111
9.4565,6.56,33.89,12.5,45.4543,40.3305
9.0607,6.29,34.86,11.6,47.7462,39.0723
8.9034,6.18,33.19,12.1,46.8041,38.8818
9.0102,6.25,33.96,11.7,45.0896,40.0485
10.2332,7.1,34.59,11.9,42.5143,40.6638
9.6055,6.66,35.06,12.2,39.1787,40.8107
9.6229,6.68,34.34,11.6,43.3317,41.0748
9.3828,6.51,33.27,11.5,45.585,40.8364
8.766,6.08,33.28,11.6,42.527,40.4797
8.8081,6.11,32.49,12,40.602,40.5952
8.9233,6.19,33.16,11.7,38.5908,40.641
8.8809,6.16,33.46,11.6,35.8681,40.6641
8.7434,6.07,33.46,11.6,33.197,40.2278
8.6964,6.03,33.16,12,30.8092,40.439
8.8027,6.11,33.27,12.1,28.9562,39.9973
9.1035,6.32,32.19,11.7,29.1752,39.7072
8.9312,6.2,32.48,12,27.0515,40.282
8.9989,6.24,31.35,12.1,26.1207,39.6864
9.0557,6.28,31.73,11.8,24.0019,40.8098
9.0187,6.26,31.97,11.7,45.2027,39.0807
9.1503,6.35,30.92,11.7,39.2012,40.1556
9.3593,6.49,31.89,11.7,34.5319,40.403
9.5167,6.6,32.47,11.7,30.5882,39.891
9.3018,6.45,32.71,11.8,27.535,40.2577
9.6113,6.67,33.59,11.8,25.9046,39.9185
9.4373,6.55,34.44,11.8,35.7734,39.2035
9.5932,6.66,35.3,11.8,39.0188,39.3307
8.6224,5.98,34.19,11.8,35.1543,40.0191
8.5285,5.92,36.42,12.1,32.4062,40.068
8.6096,5.97,39.59,12,28.6127,40.6665
8.8177,6.12,40.51,11.8,26.1639,40.8986
8.7688,6.08,40.37,11.7,24.5317,40.6425
8.7958,6.1,41.36,11.7,23.1851,40.3078
8.9113,6.18,40.91,10.8,26.8669,39.6929
8.8879,6.17,40.31,12,46.0409,40.2832
8.8525,6.14,38.79,12,43.7391,41.7172
9.1802,6.37,41.33,12.1,40.2628,42.5644
8.6392,5.99,37.93,11.6,39.5233,41.8604
8.9235,6.19,39.71,11.6,35.2835,41.0932
9.3777,6.51,41.58,11.6,29.3818,42.7934
9.7482,6.76,41.68,11.6,26.9048,42.7009
10.1092,7.01,43.09,11.6,23.7642,42.0343
10.1799,7.06,43.65,11.6,27.7168,42.2222
10.413,7.22,42.09,11.8,34.014,42.7535
11.337,7.87,36.67,12,31.2318,41.3562
10.6732,7.41,35.71,11.7,30.5122,39.0195
10.9,7.56,38.25,11.6,27.3641,42.583
11.1202,7.72,38.93,12.1,35.6087,39.897
11.3611,7.88,39.36,11.5,39.7611,40.313
11.2333,7.79,39.01,11.5,37.5843,41.8284
11.0207,7.65,38.37,11.5,32.9017,42.2035
10.4875,7.28,37.88,11.6,28.8868,41.7486
10.0331,6.96,35.62,11.7,30.8839,40.978
9.8523,6.84,35.58,11.6,31.5381,40.5628
9.5809,6.65,34.13,11.7,25.9246,41.3374
9.5025,6.59,35.7,11.5,35.7317,40.8357
9.4974,6.59,36.98,12.1,29.9613,40.5603
10.0809,6.99,38.68,11.8,32.4158,40.6582
9.9224,6.88,37.7,11.7,30.6501,36.8256
10.1122,7.02,38.06,11.8,34.8585,40.3583
10.0543,6.98,37.7,11.7,40.9643,39.9379
9.8943,6.86,37.39,12.6,32.0234,41.2723
9.44,6.55,35.78,12.1,34.6531,41.4926
9.2212,6.4,35.8,11.8,40.8462,40.7343
8.9303,6.2,35.37,11.8,34.2716,41.4312
8.875,6.16,35.52,11.7,30.3862,40.9545
8.7698,6.08,35.05,11.7,27.3753,40.3684
8.3115,5.77,32.52,11.7,26.2885,39.6408
8.5689,5.95,33.24,11.8,31.3445,38.738
8.3565,5.8,32.86,11.7,43.4517,37.941
10.9371,7.59,38.76,11.7,36.7596,38.9881
12.9184,8.96,44.09,11.7,25.9022,40.9653
13.6376,9.46,47.08,11.7,31.8627,39.5413
13.3011,9.23,47.62,12,28.6081,40.0134
11.9072,8.26,45.71,11.8,23.4416,41.7499
11.411,7.92,46.18,11.8,30.2325,41.1664
11.9497,8.29,44.71,12.1,35.2133,40.7591
12.1089,8.4,39.8,12,35.0954,40.7595
11.8714,8.24,39.76,11.8,33.8218,40.4331
11.5463,8.01,38.27,11.9,28.0898,40.4709
13.998,9.71,32.77,11.9,22.3715,39.814
13.8965,9.64,34.4,11.9,21.515,38.8542
14.972,10.39,35.16,11.8,37.8327,38.3484
15.1374,10.5,35.25,11.8,27.6574,36.5407
15.2071,10.55,35.01,11.8,39.3553,37.1781
12.1532,8.43,37.73,11.8,36.1737,39.0779
9.9218,6.88,33.12,11.8,43.188,38.3097
14.3645,9.97,34.97,11.8,33.1147,39.8621
15.1544,10.51,34.95,11.7,23.979,37.2534
15.0482,10.44,34.61,11.8,36.7136,36.643
15.0116,10.42,34.15,11.8,27.7774,34.34
9.0251,6.26,35.13,11.8,41.8807,36.1266
0.9683,0.67,32.97,11.8,23.8602,38.5738
0,0,32.05,11.8,16.8972,38.2093
0,0,31.25,11.8,0.3071,35.5063
0,0,32,11.8,0,37.0592
0,0,32.49,11.8,0,36.6653
0,0,31.98,11.8,0,37.003
0,0,33.05,11.8,0,37.2169
0,0,32.47,11.8,0,37.0407
0,0,32.01,11.8,0,37.0297
0,0,32.16,11.8,0,37.0594
0,0,32.4,11.8,0,37.162
0,0,32.23,11.8,0,37.2743
0,0,32.48,11.8,0,37.2584
0,0,31.98,11.8,0,37.2628
0,0,32.12,11.8,0,37.4055
0,0,32.81,11.8,0,37.3352
0,0,32.76,11.8,0,37.3887
0,0,32.58,11.8,0,37.3125
0,0,32.57,11.8,0,37.4768
0,0,31.58,11.8,0,37.566
0,0,31.17,11.8,0,37.773
0,0,31.47,11.8,0,37.2857
0,0,31.16,11.8,0,37.8967
0,0,30.91,11.8,0,37.6713
1.2085,0.87,33.19,11.8,0.5324,37.7922
6.3657,4.56,37.85,11.8,38.6896,40.1638
6.7531,4.84,38.2,11.8,36.6228,41.5562
6.9652,4.99,39.02,11,38.6405,43.1463
9.0028,6.45,38.59,11,37.9487,36.8116
9.7511,6.98,38.71,11,36.9644,37.0137
9.8489,7.05,38.22,11.6,37.6157,47.0114
9.6382,6.9,38.89,11.6,36.9041,46.5406
9.7802,7,38.15,10.9,37.326,46.323
9.5305,6.82,37.78,11,37.6944,31.2491
8.2374,5.9,38.22,11.4,37.8918,36.6849
8.1819,5.86,35.8,11.4,37.9048,37.4084
7.897,5.65,35.18,11.1,37.421,36.8824
8.458,6.06,35.17,11,38.9662,36.5247
8.9685,6.42,35.48,11,38.4098,37.534
9.0006,6.44,35.18,11.1,38.3752,38.4032
8.461,6.06,35.09,11.5,38.0855,37.5278
8.4921,6.08,36,11.5,37.7362,36.7612
8.3367,5.97,34.92,11,37.771,36.8025
8.164,5.85,35.13,11.4,39.0991,35.6554
8.2674,5.92,36.14,11.3,38.744,36.3709
8.0134,5.74,36.76,11,38.3625,36.997
7.6101,5.45,36.52,10.8,38.0926,37.5938
8.649,6.19,36.65,10.7,38.793,37.6958
8.9569,6.41,36.55,10.8,37.0903,38.0958
9.2078,6.59,37.02,11.4,35.7403,38.1901
9.1828,6.58,37.39,10.8,34.9972,36.3421
9.0107,6.45,37.46,10.8,33.7372,37.3369
9.0201,6.46,37.19,10.9,31.9808,36.2193
8.7161,6.24,37.04,10.9,31.2648,37.1741
8.8966,6.37,36.92,11.4,27.6917,37.5923
9.745,6.98,36.36,10.7,23.8882,37.7499
9.507,6.81,33.65,11,18.8904,38.0952
9.2327,6.61,34.47,10.9,31.6397,36.6849
9.5844,6.86,35.19,10.9,31.9571,36.6618
10.1338,7.26,35.13,10.9,27.3487,37.2528
10.1027,7.23,35.5,11.5,27.7571,38.5745
9.3881,6.72,34.11,11.4,37.3726,36.9865
8.9928,6.44,34.18,11.7,34.8058,37.3265
9.159,6.56,35.01,11.4,28.2691,37.199
9.1818,6.57,35.23,11.4,23.9113,37.176
9.1,6.52,34.33,10.8,36.6466,36.8227
9.1506,6.55,32.61,10.8,34.5075,36.7729
8.5777,6.14,33.49,10.7,30.5014,37.3049
9.0461,6.48,34.22,10.8,27.1671,37.7364
9.881,7.08,35.49,10.5,36.3958,37.9577
10.4875,7.51,36.32,11.3,30.0693,38.9011
10.2747,7.36,35.65,11.4,30.0379,39.2
10.178,7.29,35.09,10.7,35.5594,39.1938
10.3466,7.41,34.55,11,29.0137,40.2469
10.2648,7.35,35.1,11.4,33.5602,41.0495
10.0473,7.19,34.8,11.8,35.5788,39.478
9.8368,7.04,34.53,12,27.8569,40.1181
9.856,7.06,33.09,11.9,31.8229,39.6514
9.7893,7.01,33.96,11,33.6925,39.8853
9.6898,6.94,34.49,11.1,24.852,39.9995
10.2098,7.31,35.97,11,28.6376,39.3528
10.8107,7.74,35.9,11.5,22.9471,39.0676
10.7984,7.73,35.43,11.5,19.4809,39.5058
11.4626,8.21,35.09,10.5,35.746,39.4596
11.1224,7.96,35.03,10.9,37.3057,39.7971
10.9875,7.87,34.73,11.2,31.9508,40.1925
9.9642,7.13,34.79,12,24.3209,39.9382
9.5228,6.82,34.62,12,36.182,39.6952
8.4229,6.03,32.55,12,41.8668,37.6479
8.4615,6.06,30.7,11.1,42.6434,37.0713
8.2849,5.93,30.61,11.4,41.4209,36.994
8.1111,5.81,31.13,11.1,40.4918,37.2207
7.6078,5.45,32.19,11.1,38.6183,37.0838
7.7522,5.55,31.31,11.7,38.3373,36.7902
7.9077,5.66,31.69,11.5,37.7457,37.2785
7.5792,5.43,32.89,11.8,35.2526,35.8996
7.6025,5.44,31.13,11.2,40.5203,38.184
7.4819,5.36,31.67,11.2,42.984,34.8871
8.0882,5.79,31.97,11.4,40.3068,37.0976
8.8748,6.35,33.35,11.2,37.777,38.0833
9.4017,6.73,35.21,11.3,34.1859,38.2525
10.0232,7.18,36.3,12.4,31.9423,36.9993
10.1173,7.24,36.37,11.7,40.5914,37.3397
10.7113,7.67,37.73,11.4,44.2176,37.1143
11.2215,8.04,39.39,11.1,39.217,37.8324
11.5021,8.24,39.38,11.1,36.2934,37.1935
11.6779,8.36,40.03,11.7,33.4533,37.1944
12.2193,8.75,41.06,12.3,29.497,37.1146
12.2408,8.76,41.02,11.5,46.4114,37.3486
11.9944,8.59,41.95,12.4,43.7489,36.9555
11.8619,8.49,41.61,11.4,41.306,38.0564
12.0937,8.66,43.46,11.4,36.0846,39.6557
11.8459,8.48,41.31,11.4,34.4598,37.8643
9.1532,6.55,35.18,11.6,37.2413,36.9986
8.8748,6.35,34.96,11.6,35.896,36.9813
8.7096,6.24,32.72,11.9,36.0161,38.2071
8.4954,6.08,32.33,11.9,35.2088,37.5041
8.2706,5.92,33.79,11.8,31.6929,37.0971
7.8864,5.65,34.03,11.9,28.9513,37.6886
7.9074,5.66,31.64,12,27.2826,37.1783
8.0465,5.76,32.21,11.8,32.0919,37.4866
8.7477,6.26,34.01,12.1,45.9453,37.5686
10.6611,7.63,36.09,11.9,41.1842,37.8205
11.6146,8.32,36.73,11.7,42.4355,37.5507
11.8293,8.47,35.58,11.9,43.1451,38.9099
11.8204,8.46,35.76,12.3,40.2632,37.8693
11.2148,8.03,34.99,12.5,40.7646,37.3847
10.9718,7.86,36.15,11.7,39.9767,37.2979
10.9822,7.86,36.79,11.7,32.1272,36.1948
11.2605,8.06,35.99,12.8,31.2974,36.0222
11.1131,7.96,34.04,11.8,31.5911,35.5719
10.8418,7.76,33.89,11.8,29.2696,37.3025
10.3155,7.39,34.09,11.7,30.1302,36.1356
10.0101,7.17,34.78,11.8,27.3034,34.7384
10.0082,7.17,35.34,11.9,26.2219,36.3704
10.4699,7.5,35.47,11.7,28.9945,37.0902
12.8748,9.22,33.2,11.8,33.3002,37.0168
13.092,9.37,31.13,11.8,44.5637,35.1084
11.5105,8.24,33.25,11.8,50.5356,34.9712
11.0422,7.91,34.99,12,44.486,34.7117
11.1949,8.02,33.75,11.6,50.6213,33.2675
11.3806,8.15,33.81,12.2,52.2305,35.7206
10.9916,7.87,34.6,12.2,48.1115,35.2818
11.0486,7.91,34.22,11.6,52.2495,35.1689
11.038,7.9,33.54,11.8,49.9291,35.2221
11.7944,8.45,32.14,11.8,46.0994,35.0867
11.6416,8.34,33.64,12.6,46.5289,34.6627
12.1041,8.67,33.9,12.7,43.6399,34.337
13.3151,9.53,31.58,12,55.809,35.105
12.3258,8.83,35.25,12,53.0454,34.1476
10.8831,7.79,33.22,12.2,51.5823,34.317
6.4672,4.63,29.11,12.1,55.6639,28.8686
0,0,30.39,12.1,51.8199,10.0921
0,0,30.87,12.1,46.5627,8.2208
0,0,30.6,12.1,31.0971,4.4194
1.0744,0.85,30.12,12.1,8.5864,11.0496
7.2044,5.71,30.94,11.4,56.8658,40.4617
13.0988,10.38,31.3,11.5,50.4314,35.7881
14.1067,11.18,30.88,11.6,45.8358,35.569
8.9522,7.09,32.37,11.7,65.4969,35.9288
9.5917,7.6,31.86,11.5,63.1739,36.0079
9.9343,7.87,32.46,11.9,59.9126,35.968
9.4163,7.46,32.52,11.7,55.6236,35.7852
9.6157,7.62,31.79,12,51.7279,35.6858
9.8291,7.79,31.74,11.8,56.3374,35.9187
9.6474,7.64,31.69,11.4,64.4106,37.0276
9.6996,7.69,32.19,11.5,66.8432,35.8356
10.0555,7.97,33.12,11.5,67.2471,35.3903
10.4975,8.32,32.85,11.3,65.9122,35.2127
10.5819,8.39,31.93,11.5,63.2521,35.9386
10.5169,8.33,32.63,11.6,59.9419,35.9763
11.1982,8.87,34.23,11.8,54.0945,36.0808
12.4017,9.83,35.59,11.5,53.9716,36.466
13.3442,10.57,36.03,12.2,50.0856,36.5446
13.5435,10.73,34.23,12.5,44.5529,36.0014
13.6832,10.84,35.1,12.4,48.4805,35.8947
12.5,9.9,34.49,12.5,51.5302,36.2161
13.241,10.49,34.61,12.4,53.5923,36.4505
14.2355,11.28,33.91,12.5,39.8165,37.4291
13.6586,10.82,35.77,12.2,45.5682,37.3887
14.0125,11.1,34.86,12.3,56.8991,36.2653
13.7875,10.93,35.42,12.3,58.8664,37.1618
13.6394,10.81,35,12.4,56.3797,38.4553
13.6443,10.81,35.13,12.3,49.7251,38.0261
13.7149,10.87,35.38,12.4,46.1734,36.5819
13.5441,10.73,35.9,12.5,55.4303,37.2809
14.0029,11.1,33.8,12.2,58.0807,36.809
14.1448,11.21,31.81,12.5,55.9766,37.7999
13.5577,10.74,33.41,12.3,51.0073,37.9408
12.9699,10.28,36.64,12.4,51.8723,37.5048
12.1981,9.67,34.64,12.4,56.8501,37.5747
11.1178,8.81,32.77,12.4,56.5226,37.4373
10.3596,8.21,34.02,12.1,61.0239,37.0245
9.7706,7.74,33.96,12.2,67.334,37.1176
8.9389,7.08,33.41,12.2,66.706,37.0073
8.8747,7.03,30.09,12,68.7336,36.9959
8.7994,6.97,31.86,11.9,64.3488,37.2801
8.7723,6.95,33.31,11.9,59.5378,37.0128
8.7133,6.9,33.03,12,55.956,37.0014
8.668,6.87,32.72,12,57.4147,37.1067
8.15,6.46,33.18,12.1,63.5168,37.2377
8.6694,6.87,33.8,11.7,55.2625,37.5303
9.4364,7.48,32.59,11.7,55.0653,37.3022
10.2232,8.1,32.05,11.8,57.6199,37.4497
10.7801,8.54,34.44,11.8,57.4176,37.48
10.9572,8.68,35.23,12.5,54.9787,37.5499
10.7168,8.49,34.07,11.9,49.249,37.568
10.6431,8.43,33.72,12.1,48.477,37.5845
10.589,8.39,33.96,12,57.5819,37.1557
10.8366,8.59,34.92,12.1,57.8798,36.5878
10.1815,8.07,33,11.9,57.5298,36.6736
9.6779,7.67,32.4,12,52.1166,37.5659
9.7975,7.76,34.2,12.1,49.1487,37.7233
9.9819,7.91,34.53,11.9,52.0361,37.6525
10.0763,7.98,34.39,11.9,54.1769,37.3571
10.1922,8.08,34.95,11.8,48.6491,37.5493
10.1506,8.04,33.76,12,38.7856,37.8178
10.4061,8.25,34.31,12,41.338,37.8744
10.7738,8.54,34.6,11.7,56.7097,37.3873
11.0601,8.76,34.97,11.7,55.8139,36.833
10.8755,8.62,39.37,12,56.0673,36.8891
10.6435,8.43,39.32,12.1,56.5778,37.0726
10.9163,8.65,39.61,12.1,56.2104,37.6352
10.5712,8.38,38.81,12.1,58.2458,37.3903
7.3492,5.82,34.93,12,57.492,36.7147
8.1392,6.45,37.59,11.8,54.7338,36.6249
7.6735,6.08,36.53,11.6,57.6795,37.4349
7.3308,5.81,35.78,11.8,57.5706,36.8793
7.3173,5.8,35.83,11.5,57.0295,37.2103
8.4111,6.66,35.94,11.7,58.3318,37.1891
9.415,7.46,35.82,11.3,56.2655,36.5965
9.5632,7.58,34.69,11.7,52.3941,37.1777
9.5951,7.6,33.81,11.8,51.3451,37.633
9.5892,7.6,35.3,12,57.2838,37.1499
10.121,8.02,33.78,12.2,59.0757,37.607
10.2277,8.1,36.47,12.1,53.0931,37.3725
10.2756,8.14,38.08,12.2,39.2298,37.5678
10.2262,8.1,37.82,12.2,48.9846,37.7159
10.0962,8,36.91,12.1,46.3539,37.823
10.2295,8.11,36.55,12.1,48.5051,36.9058
10.5679,8.37,38.89,12.1,51.3012,37.749
10.5732,8.38,39.09,12,47.2322,37.5318
10.4394,8.27,38.59,12.2,51.7396,37.197
10.1984,8.08,37.42,12.2,55.5257,37.8009
9.5392,7.56,37.64,12,55.6294,37.7373
9.3919,7.44,36.92,12,57.0134,37.9276
9.557,7.57,35.77,11.9,57.8806,37.4592
9.6344,7.63,35.17,11.8,57.2653,37.4944
9.5659,7.58,35.41,11.6,56.9286,37.491
9.6411,7.64,36.11,11.8,57.1073,37.7503
9.8579,7.81,36.4,11.8,55.5132,37.3965
8.8848,7.04,34.13,11.8,57.9659,36.4566
8.6338,6.84,34.61,12,57.9453,36.4438
8.7475,6.93,35.2,12,58.3597,35.7803
9.2787,7.35,35.23,11.6,56.5405,36.5591
9.0839,7.2,36.03,11.8,58.1983,36.3583
9.3641,7.42,36.97,11.9,54.9608,35.7926
9.6099,7.61,36.76,11.9,50.1762,35.7128
8.8874,7.04,35.11,12.1,55.7876,36.0723
8.542,6.77,32.48,11.9,62.9543,35.7466
9.165,7.26,32.46,11.7,57.2827,35.8914
9.903,7.85,33.07,11.8,53.286,36.0227
10.2134,8.09,34.15,12.1,53.1193,36.2059
10.4042,8.24,34.25,12.1,53.8776,36.0343
10.1782,8.07,32.56,12.2,55.4446,35.72
9.3438,7.4,34.22,12.1,57.2123,35.8189
8.592,6.81,35.26,12.3,54.7075,36.0723
9.6286,7.63,35.35,12.5,53.7683,36.2226
10.497,8.32,35.83,12.1,53.4045,36.1856
10.8997,8.64,36.58,12.1,53.7829,36.272
11.3127,8.96,37.53,12.2,53.0887,36.6223
10.4775,8.3,35.97,12.2,52.8724,36.3788
9.8687,7.82,37.6,12,46.4102,36.6736
10.2261,8.1,37.33,12,46.7439,36.287
11.3329,8.98,35.08,11.8,44.6155,36.6677
10.0375,7.95,37.62,11.9,46.2051,36.4638
10.0405,7.96,38.14,12,53.3835,36.3071
9.5042,7.53,37.84,11.8,57.2064,35.2048
9.8572,7.81,36.92,11.7,56.4225,35.5736
9.9817,7.91,38.71,11.9,56.9835,35.3817
9.7837,7.75,40.18,11.9,57.0236,34.2072
9.5934,7.6,40.22,11.9,57.8664,32.8186
10.1409,8.04,41.5,11.8,57.5301,33.821
10.8266,8.58,43.2,12,57.5231,33.5012
10.8071,8.56,42.5,12,60.4848,33.1987
10.4519,8.28,41.87,11.5,51.8785,33.2667
9.0241,7.15,40.64,12,39.677,32.6053
7.5287,5.97,38.1,11.7,46.9665,30.6869
8.1397,6.45,37.23,11.5,61.5807,30.589
7.3632,5.83,36.13,12,61.7506,31.3643
7.3338,5.81,36.89,11.4,58.2349,30.0932
7.4442,5.9,35.83,11.5,54.8442,31.8115
7.8335,6.21,35.74,11.5,61.9201,30.5489
8.007,6.34,37.47,11.6,62.7616,31.4057
8.2392,6.53,38.56,11.7,52.7339,30.9483
8.1483,6.46,38.86,11.4,55.3491,31.4411
8.5919,6.81,39.11,11.3,53.8808,31.3315
8.9257,7.07,40.88,11.4,50.2443,30.937
8.5158,6.75,39.04,11.5,59.1816,31.0831
8.4266,6.68,39.26,11.6,58.8689,29.7814
8.4056,6.66,39.78,11.5,54.1024,29.8732
7.6991,6.1,38.03,11.7,55.2488,29.8761
6.1975,4.91,35.17,11.7,58.7875,30.7071
5.9777,4.74,34.24,11.5,58.4199,31.3682
6.8209,5.4,36.01,11.8,55.542,30.9685
7.4881,5.93,37.18,12.5,56.3794,29.5842
7.5808,6.01,37.16,12.4,55.8322,31.0558
12.9753,10.28,33.42,11.9,53.5421,29.2224
10.6647,8.45,36.76,11.7,50.3954,30.2007
8.2027,6.5,39.19,11.6,59.2658,29.3883
8.5221,6.75,40.14,11.4,60.1453,29.4841
8.6702,6.87,40.98,11.4,61.3251,29.6278
9.1137,7.22,42.24,11.4,56.524,27.673
9.4644,7.5,39.82,11.3,52.6647,44.5544
10.2491,8.12,38.89,11.7,49.3731,34.0406
11.3149,8.97,39.32,11.9,54.3808,37.2692
12.4113,9.83,40.58,12,48.8064,37.4857
10.828,8.58,35.51,12.6,49.1133,37.6631
10.8911,8.63,35.81,11.9,52.9732,37.2462
10.1695,8.06,36.75,11.8,53.9705,37.2879
9.764,7.74,37.34,11.8,55.2851,37.299
9.8516,7.81,37.66,12,54.2321,36.1959
9.8138,7.78,38.47,11.7,57.0378,36.5324
9.7313,7.71,38.2,12.1,56.9876,36.402
9.4375,7.48,37.68,11.9,56.5663,35.682
9.5301,7.55,37.43,11.9,53.6468,30.6698
9.4185,7.46,38.98,11.8,56.1855,33.9909
9.2574,7.34,37.6,11.8,58.1066,33.3362
9.0424,7.17,37.05,11.7,54.3218,32.9336
9.1908,7.28,38.49,11.8,55.3011,33.1056
9.1968,7.29,37.91,11.7,57.319,32.1496
8.5462,6.77,35.17,11.6,57.2944,31.9726
7.7637,6.15,35.17,11.7,52.7522,32.7142
6.6356,5.26,34.61,11.3,50.0913,32.8367
6.7139,5.32,34.98,11.1,52.177,32.9331
6.2966,4.99,34.51,11.2,52.2839,33.2393
6.683,5.3,35.17,11.2,53.2206,33.8164
6.8151,5.4,33.66,11.3,54.2721,32.8866
7.1051,5.63,35.56,11.2,58.318,32.6855
7.2479,5.74,36.2,11.6,57.6077,31.788
7.2174,5.72,35.44,12.1,57.5331,30.625
7.8129,6.19,35.8,11.8,60.4023,31.6724
8.9535,7.09,37.31,11.5,59.8784,30.4837
9.509,7.53,38.5,11.5,56.8869,30.3387
9.485,7.52,38.88,11.1,57.1945,30.3566
9.9522,7.89,39.51,11.7,55.8431,29.1576
9.3859,7.44,38.2,11.8,56.8714,30.3307
8.868,7.03,38.19,11.8,55.3895,31.4671
8.9712,7.11,38.71,11.8,58.3588,32.3367
8.5397,6.77,38.2,11.7,55.0461,31.7952
8.4336,6.68,37.8,11.6,57.9464,32.4042
8.7513,6.93,38.64,11.5,52.93,31.5621
8.7048,6.9,39.05,11.7,41.6563,32.8885
8.5938,6.81,38.28,11.7,42.0404,33.7939
8.4985,6.73,38.83,11.5,52.2074,32.3359
7.7547,6.14,37.91,11.5,58.8101,30.9009
7.588,6.01,37.62,11.5,54.6147,30.029
7.6776,6.08,38.1,11.3,53.3064,28.5459
7.5985,6.02,38.52,11.3,56.1961,29.491
8.3705,6.63,39.66,11.3,56.0483,30.4629
8.7891,6.96,40.51,11.5,54.7818,30.0828
8.3956,6.65,40.34,11.7,56.7955,29.5182
8.4714,6.71,39.76,11.8,57.2632,28.8747
8.9907,7.12,39.41,11.7,56.7354,26.723
8.5155,6.75,39.38,11.7,57.635,26.2049
8.9682,7.11,40.11,11.7,55.2518,26.8156
9.3748,7.43,40.69,11.6,57.6591,27.5169
9.6385,7.64,40.9,11.6,56.004,32.556
4.1898,3.32,39.2,11.6,54.0657,23.7318
0,0,34.79,11.6,56.5026,2.3382
0,0,32.98,11.6,62.08,6.0661
0,0,33.13,11.6,64.6438,6.8284
0,0,31.2,11.6,64.7156,71.8719
0,0,32.21,11.6,63.6528,100
